my_result,target
[16.],[[16]]
[11.],[[22]]
[9.],[[9]]
[5.],[[5]]
[5.],[[26]]
[7.],[[19]]
[12.],[[4]]
[15.],[[8]]
[12.],[[24]]
[1.],[[4]]
[16.],[[16]]
[10.],[[10]]
[2.],[[2]]
[14.],[[21]]
[13.],[[13]]
[6.],[[6]]
[15.],[[21]]
[16.],[[16]]
[9.],[[9]]
[16.],[[16]]
[16.],[[16]]
[15.],[[15]]
[12.],[[12]]
[13.],[[23]]
[5.],[[11]]
[3.],[[3]]
[5.],[[5]]
[11.],[[12]]
[12.],[[12]]
[3.],[[3]]
[15.],[[25]]
[7.],[[7]]
[6.],[[6]]
[12.],[[19]]
[9.],[[9]]
[11.],[[11]]
[7.],[[3]]
[4.],[[4]]
[4.],[[4]]
[2.],[[2]]
[11.],[[11]]
[15.],[[7]]
[3.],[[7]]
[4.],[[20]]
[12.],[[19]]
[3.],[[3]]
[11.],[[11]]
[7.],[[22]]
[2.],[[6]]
[9.],[[22]]
[7.],[[17]]
[7.],[[7]]
[1.],[[1]]
[5.],[[5]]
[14.],[[8]]
[16.],[[6]]
[15.],[[4]]
[7.],[[19]]
[6.],[[22]]
[15.],[[15]]
[4.],[[8]]
[6.],[[6]]
[1.],[[13]]
[9.],[[24]]
[2.],[[19]]
[9.],[[19]]
[6.],[[19]]
[12.],[[17]]
[16.],[[6]]
[10.],[[10]]
[3.],[[21]]
[7.],[[12]]
[5.],[[19]]
[1.],[[1]]
[4.],[[24]]
[14.],[[21]]
[9.],[[9]]
[1.],[[1]]
[2.],[[18]]
[11.],[[11]]
[15.],[[15]]
[15.],[[21]]
[5.],[[20]]
[14.],[[14]]
[8.],[[5]]
[5.],[[26]]
[5.],[[24]]
[11.],[[11]]
[1.],[[15]]
[2.],[[17]]
[4.],[[4]]
[9.],[[25]]
[5.],[[24]]
[10.],[[10]]
[3.],[[3]]
[9.],[[19]]
[3.],[[7]]
[4.],[[4]]
[13.],[[23]]
[7.],[[17]]
[12.],[[17]]
[7.],[[7]]
[8.],[[8]]
[14.],[[11]]
[3.],[[3]]
[2.],[[2]]
[16.],[[25]]
[3.],[[21]]
[5.],[[3]]
[7.],[[17]]
[10.],[[10]]
[3.],[[21]]
[3.],[[5]]
[13.],[[13]]
[14.],[[21]]
[2.],[[19]]
[9.],[[20]]
[6.],[[25]]
[7.],[[7]]
[14.],[[23]]
[2.],[[19]]
[9.],[[22]]
[8.],[[8]]
[5.],[[11]]
[13.],[[13]]
[11.],[[24]]
[14.],[[8]]
[2.],[[6]]
[13.],[[21]]
[16.],[[16]]
[15.],[[8]]
[11.],[[24]]
[13.],[[13]]
[4.],[[4]]
[15.],[[21]]
[9.],[[20]]
[6.],[[21]]
[2.],[[2]]
[7.],[[17]]
[7.],[[19]]
[12.],[[12]]
[5.],[[11]]
[14.],[[23]]
[10.],[[10]]
[11.],[[7]]
[2.],[[18]]
[13.],[[13]]
[3.],[[3]]
[11.],[[11]]
[9.],[[10]]
[4.],[[15]]
[16.],[[10]]
[5.],[[26]]
[5.],[[19]]
[4.],[[4]]
[15.],[[21]]
[15.],[[15]]
[15.],[[21]]
[6.],[[22]]
[3.],[[7]]
[6.],[[22]]
[6.],[[25]]
[14.],[[21]]
[7.],[[17]]
[11.],[[3]]
[7.],[[17]]
[9.],[[25]]
[8.],[[8]]
[9.],[[25]]
[1.],[[1]]
[11.],[[11]]
[13.],[[13]]
[8.],[[15]]
[1.],[[7]]
[12.],[[12]]
[4.],[[11]]
[12.],[[12]]
[10.],[[10]]
[1.],[[1]]
[10.],[[20]]
[15.],[[21]]
[8.],[[2]]
[5.],[[26]]
[2.],[[6]]
[4.],[[8]]
[5.],[[26]]
[14.],[[23]]
[4.],[[19]]
[2.],[[19]]
[3.],[[3]]
[9.],[[20]]
[3.],[[21]]
[13.],[[7]]
[2.],[[18]]
[14.],[[14]]
[14.],[[14]]
[2.],[[2]]
[14.],[[14]]
[2.],[[17]]
[7.],[[7]]
[14.],[[23]]
[2.],[[2]]
[5.],[[17]]
[13.],[[13]]
[5.],[[26]]
[14.],[[13]]
[9.],[[24]]
[1.],[[1]]
[8.],[[8]]
[4.],[[17]]
[1.],[[1]]
[15.],[[15]]
[7.],[[17]]
[16.],[[16]]
[1.],[[1]]
[5.],[[26]]
[2.],[[19]]
[2.],[[2]]
[7.],[[12]]
[12.],[[7]]
[5.],[[26]]
[5.],[[3]]
[11.],[[11]]
[5.],[[20]]
[16.],[[16]]
[7.],[[17]]
[13.],[[23]]
[1.],[[1]]
[4.],[[19]]
[6.],[[6]]
[13.],[[22]]
[16.],[[16]]
[9.],[[20]]
[4.],[[4]]
[16.],[[16]]
[11.],[[11]]
[7.],[[7]]
[13.],[[13]]
[2.],[[10]]
[12.],[[12]]
[12.],[[12]]
[5.],[[5]]
[7.],[[17]]
[5.],[[5]]
[14.],[[14]]
[6.],[[25]]
[14.],[[1]]
[2.],[[12]]
[9.],[[20]]
[6.],[[6]]
[1.],[[1]]
[4.],[[4]]
[2.],[[2]]
[14.],[[23]]
[5.],[[17]]
[9.],[[9]]
[4.],[[4]]
[8.],[[15]]
[14.],[[23]]
[11.],[[11]]
[7.],[[7]]
[4.],[[4]]
[1.],[[8]]
[13.],[[13]]
[5.],[[5]]
[3.],[[3]]
[16.],[[16]]
[11.],[[20]]
[16.],[[16]]
[3.],[[3]]
[5.],[[26]]
[14.],[[14]]
[11.],[[11]]
[16.],[[16]]
[5.],[[24]]
[14.],[[14]]
[14.],[[14]]
[14.],[[14]]
[11.],[[7]]
[10.],[[10]]
[7.],[[7]]
[13.],[[13]]
[14.],[[20]]
[12.],[[12]]
[11.],[[14]]
[6.],[[22]]
[4.],[[4]]
[7.],[[11]]
[7.],[[17]]
[15.],[[8]]
[13.],[[13]]
[3.],[[25]]
[5.],[[26]]
[8.],[[15]]
[7.],[[17]]
[10.],[[10]]
[3.],[[3]]
[11.],[[11]]
[4.],[[4]]
[1.],[[1]]
[1.],[[17]]
[6.],[[25]]
[11.],[[11]]
[6.],[[5]]
[13.],[[13]]
[11.],[[24]]
[2.],[[18]]
[13.],[[13]]
[9.],[[9]]
[1.],[[1]]
[12.],[[17]]
[3.],[[11]]
[6.],[[25]]
[14.],[[8]]
[16.],[[16]]
[13.],[[23]]
[16.],[[16]]
[6.],[[23]]
[4.],[[8]]
[8.],[[8]]
[14.],[[14]]
[5.],[[26]]
[5.],[[26]]
[2.],[[15]]
[3.],[[7]]
[15.],[[1]]
[4.],[[4]]
[16.],[[16]]
[2.],[[2]]
[11.],[[11]]
[4.],[[4]]
[6.],[[25]]
[5.],[[5]]
[11.],[[8]]
[11.],[[18]]
[6.],[[26]]
[2.],[[2]]
[3.],[[7]]
[6.],[[6]]
[13.],[[22]]
[16.],[[16]]
[5.],[[22]]
[5.],[[26]]
[15.],[[21]]
[2.],[[2]]
[1.],[[26]]
[9.],[[9]]
[16.],[[15]]
[9.],[[9]]
[12.],[[19]]
[14.],[[14]]
[10.],[[10]]
[10.],[[17]]
[11.],[[5]]
[16.],[[16]]
[14.],[[23]]
[5.],[[5]]
[6.],[[6]]
[13.],[[13]]
[6.],[[6]]
[5.],[[26]]
[2.],[[2]]
[12.],[[12]]
[2.],[[6]]
[3.],[[5]]
[14.],[[14]]
[5.],[[5]]
[2.],[[18]]
[13.],[[13]]
[7.],[[5]]
[14.],[[23]]
[12.],[[24]]
[16.],[[20]]
[15.],[[15]]
[9.],[[25]]
[5.],[[17]]
[6.],[[22]]
[11.],[[24]]
[4.],[[15]]
[6.],[[20]]
[4.],[[24]]
[2.],[[26]]
[13.],[[21]]
[4.],[[19]]
[14.],[[14]]
[4.],[[17]]
[6.],[[6]]
[3.],[[7]]
[7.],[[17]]
[9.],[[9]]
[2.],[[19]]
[5.],[[24]]
[14.],[[14]]
[5.],[[5]]
[4.],[[24]]
[11.],[[18]]
[8.],[[8]]
[7.],[[5]]
[14.],[[13]]
[6.],[[25]]
[1.],[[1]]
[2.],[[17]]
[11.],[[11]]
[15.],[[21]]
[4.],[[20]]
[12.],[[12]]
[2.],[[5]]
[3.],[[21]]
[16.],[[16]]
[3.],[[21]]
[15.],[[8]]
[2.],[[18]]
[5.],[[24]]
[6.],[[6]]
[13.],[[13]]
[5.],[[5]]
[5.],[[5]]
[13.],[[13]]
[3.],[[21]]
[15.],[[15]]
[11.],[[3]]
[11.],[[11]]
[1.],[[1]]
[7.],[[17]]
[16.],[[7]]
[5.],[[5]]
[15.],[[15]]
[7.],[[24]]
[1.],[[13]]
[4.],[[4]]
[2.],[[2]]
[16.],[[16]]
[1.],[[8]]
[9.],[[9]]
[4.],[[4]]
[14.],[[23]]
[11.],[[11]]
[1.],[[1]]
[4.],[[15]]
[9.],[[22]]
[7.],[[12]]
[14.],[[14]]
[9.],[[9]]
[1.],[[1]]
[5.],[[24]]
[7.],[[17]]
[15.],[[8]]
[16.],[[16]]
[2.],[[19]]
[5.],[[11]]
[3.],[[3]]
[7.],[[24]]
[10.],[[26]]
[1.],[[1]]
[9.],[[25]]
[13.],[[21]]
[2.],[[2]]
[12.],[[12]]
[14.],[[21]]
[10.],[[10]]
[9.],[[9]]
[10.],[[10]]
[3.],[[15]]
[5.],[[24]]
[13.],[[13]]
[10.],[[10]]
[15.],[[15]]
[9.],[[9]]
[3.],[[3]]
[7.],[[15]]
[2.],[[6]]
[4.],[[13]]
[4.],[[4]]
[13.],[[13]]
[7.],[[7]]
[9.],[[20]]
[11.],[[8]]
[4.],[[4]]
[2.],[[7]]
[9.],[[25]]
[3.],[[22]]
[3.],[[11]]
[14.],[[14]]
[10.],[[10]]
[15.],[[15]]
[15.],[[15]]
[6.],[[6]]
[16.],[[16]]
[9.],[[19]]
[9.],[[9]]
[5.],[[5]]
[7.],[[24]]
[7.],[[24]]
[5.],[[5]]
[7.],[[17]]
[5.],[[24]]
[3.],[[5]]
[10.],[[26]]
[2.],[[2]]
[2.],[[19]]
[10.],[[10]]
[6.],[[6]]
[11.],[[23]]
[11.],[[11]]
[2.],[[18]]
[6.],[[25]]
[3.],[[19]]
[6.],[[25]]
[7.],[[7]]
[9.],[[9]]
[2.],[[2]]
[16.],[[10]]
[1.],[[1]]
[5.],[[26]]
[9.],[[9]]
[2.],[[17]]
[9.],[[25]]
[2.],[[14]]
[6.],[[20]]
[12.],[[24]]
[4.],[[14]]
[4.],[[24]]
[10.],[[10]]
[8.],[[21]]
[6.],[[22]]
[15.],[[17]]
[2.],[[8]]
[9.],[[25]]
[2.],[[24]]
[11.],[[24]]
[13.],[[23]]
[5.],[[9]]
[9.],[[25]]
[10.],[[10]]
[4.],[[24]]
[2.],[[5]]
[16.],[[16]]
[1.],[[1]]
[4.],[[8]]
[16.],[[22]]
[13.],[[13]]
[15.],[[21]]
[13.],[[13]]
[14.],[[23]]
[4.],[[4]]
[16.],[[16]]
[4.],[[26]]
[9.],[[9]]
[4.],[[15]]
[1.],[[17]]
[8.],[[8]]
[2.],[[2]]
[9.],[[25]]
[4.],[[4]]
[3.],[[7]]
[11.],[[8]]
[13.],[[21]]
[6.],[[19]]
[4.],[[18]]
[9.],[[9]]
[6.],[[6]]
[9.],[[9]]
[7.],[[3]]
[14.],[[23]]
[5.],[[24]]
[9.],[[9]]
[11.],[[11]]
[2.],[[19]]
[6.],[[6]]
[3.],[[5]]
[3.],[[3]]
[14.],[[14]]
[2.],[[2]]
[6.],[[6]]
[15.],[[15]]
[5.],[[5]]
[14.],[[23]]
[10.],[[10]]
[15.],[[21]]
[4.],[[4]]
[2.],[[2]]
[1.],[[17]]
[16.],[[18]]
[15.],[[1]]
[5.],[[19]]
[6.],[[6]]
[1.],[[1]]
[7.],[[5]]
[2.],[[2]]
[11.],[[8]]
[12.],[[12]]
[2.],[[2]]
[4.],[[15]]
[2.],[[2]]
[9.],[[20]]
[16.],[[16]]
[13.],[[15]]
[1.],[[26]]
[12.],[[11]]
[13.],[[13]]
[1.],[[1]]
[9.],[[20]]
[2.],[[2]]
[6.],[[6]]
[15.],[[15]]
[14.],[[14]]
[4.],[[4]]
[4.],[[4]]
[2.],[[5]]
[6.],[[25]]
[15.],[[17]]
[15.],[[8]]
[7.],[[17]]
[7.],[[7]]
[15.],[[21]]
[2.],[[18]]
[4.],[[20]]
[5.],[[26]]
[13.],[[13]]
[4.],[[4]]
[9.],[[9]]
[11.],[[7]]
[11.],[[8]]
[3.],[[11]]
[11.],[[11]]
[2.],[[2]]
[11.],[[22]]
[5.],[[24]]
[14.],[[23]]
[5.],[[26]]
[11.],[[8]]
[15.],[[15]]
[11.],[[24]]
[10.],[[10]]
[6.],[[22]]
[14.],[[22]]
[3.],[[7]]
[3.],[[21]]
[2.],[[2]]
[6.],[[14]]
[10.],[[10]]
[2.],[[2]]
[15.],[[15]]
[9.],[[25]]
[1.],[[1]]
[3.],[[25]]
[16.],[[10]]
[5.],[[11]]
[3.],[[7]]
[2.],[[9]]
[16.],[[16]]
[1.],[[1]]
[2.],[[13]]
[12.],[[26]]
[16.],[[16]]
[16.],[[16]]
[8.],[[8]]
[11.],[[24]]
[2.],[[24]]
[7.],[[3]]
[14.],[[23]]
[1.],[[1]]
[7.],[[24]]
[3.],[[3]]
[6.],[[6]]
[12.],[[26]]
[13.],[[13]]
[2.],[[22]]
[2.],[[18]]
[5.],[[26]]
[11.],[[5]]
[15.],[[21]]
[14.],[[14]]
[3.],[[3]]
[15.],[[8]]
[9.],[[20]]
[8.],[[15]]
[6.],[[6]]
[5.],[[26]]
[12.],[[12]]
[2.],[[2]]
[15.],[[8]]
[8.],[[26]]
[11.],[[3]]
[2.],[[19]]
[1.],[[16]]
[13.],[[18]]
[9.],[[22]]
[9.],[[9]]
[16.],[[16]]
[13.],[[23]]
[10.],[[10]]
[4.],[[4]]
[13.],[[21]]
[11.],[[11]]
[2.],[[18]]
[4.],[[15]]
[9.],[[9]]
[16.],[[16]]
[9.],[[9]]
[5.],[[24]]
[7.],[[11]]
[9.],[[22]]
[6.],[[20]]
[7.],[[17]]
[13.],[[23]]
[6.],[[6]]
[16.],[[16]]
[5.],[[19]]
[3.],[[3]]
[6.],[[22]]
[13.],[[13]]
[15.],[[15]]
[9.],[[9]]
[7.],[[7]]
[7.],[[7]]
[9.],[[9]]
[7.],[[24]]
[12.],[[12]]
[2.],[[2]]
[12.],[[12]]
[7.],[[7]]
[1.],[[4]]
[3.],[[3]]
[7.],[[17]]
[8.],[[8]]
[10.],[[10]]
[14.],[[20]]
[14.],[[23]]
[2.],[[2]]
[12.],[[12]]
[7.],[[17]]
[2.],[[18]]
[4.],[[4]]
[7.],[[19]]
[7.],[[17]]
[15.],[[3]]
[2.],[[19]]
[2.],[[9]]
[14.],[[23]]
[11.],[[11]]
[4.],[[4]]
[16.],[[16]]
[6.],[[6]]
[9.],[[20]]
[13.],[[13]]
[14.],[[14]]
[7.],[[11]]
[5.],[[26]]
[10.],[[10]]
[15.],[[8]]
[3.],[[7]]
[2.],[[2]]
[15.],[[15]]
[15.],[[22]]
[11.],[[18]]
[15.],[[15]]
[11.],[[8]]
[16.],[[14]]
[14.],[[14]]
[6.],[[20]]
[5.],[[5]]
[16.],[[16]]
[1.],[[1]]
[9.],[[25]]
[16.],[[25]]
[6.],[[25]]
[14.],[[23]]
[3.],[[21]]
[14.],[[23]]
[4.],[[4]]
[13.],[[25]]
[9.],[[20]]
[5.],[[19]]
[1.],[[1]]
[16.],[[6]]
[16.],[[16]]
[15.],[[21]]
[7.],[[7]]
[1.],[[15]]
[16.],[[16]]
[9.],[[9]]
[7.],[[7]]
[7.],[[17]]
[7.],[[22]]
[6.],[[20]]
[10.],[[10]]
[1.],[[17]]
[15.],[[8]]
[6.],[[22]]
[11.],[[12]]
[12.],[[12]]
[9.],[[25]]
[12.],[[12]]
[7.],[[18]]
[3.],[[3]]
[3.],[[21]]
[4.],[[4]]
[14.],[[14]]
[6.],[[24]]
[7.],[[25]]
[16.],[[7]]
[2.],[[19]]
[16.],[[16]]
[11.],[[23]]
[4.],[[8]]
[12.],[[12]]
[7.],[[24]]
[7.],[[5]]
[16.],[[16]]
[6.],[[6]]
[3.],[[21]]
[15.],[[25]]
[9.],[[20]]
[9.],[[22]]
[14.],[[20]]
[2.],[[2]]
[12.],[[12]]
[7.],[[24]]
[11.],[[24]]
[15.],[[21]]
[16.],[[16]]
[2.],[[6]]
[10.],[[10]]
[6.],[[6]]
[13.],[[13]]
[9.],[[9]]
[11.],[[22]]
[6.],[[6]]
[12.],[[12]]
[6.],[[20]]
[5.],[[5]]
[7.],[[24]]
[3.],[[3]]
[14.],[[23]]
[16.],[[16]]
[10.],[[10]]
[16.],[[16]]
[14.],[[24]]
[2.],[[18]]
[16.],[[10]]
[5.],[[24]]
[6.],[[6]]
[5.],[[26]]
[10.],[[10]]
[1.],[[17]]
[5.],[[12]]
[6.],[[26]]
[11.],[[11]]
[2.],[[2]]
[15.],[[8]]
[3.],[[21]]
[12.],[[24]]
[6.],[[20]]
[11.],[[11]]
[1.],[[1]]
[12.],[[12]]
[3.],[[7]]
[6.],[[8]]
[15.],[[19]]
[11.],[[3]]
[15.],[[8]]
[7.],[[17]]
[11.],[[23]]
[13.],[[7]]
[2.],[[7]]
[3.],[[3]]
[12.],[[12]]
[6.],[[20]]
[3.],[[3]]
[2.],[[2]]
[7.],[[17]]
[15.],[[15]]
[6.],[[6]]
[2.],[[18]]
[5.],[[26]]
[4.],[[4]]
[1.],[[1]]
[9.],[[25]]
[2.],[[2]]
[9.],[[20]]
[5.],[[24]]
[13.],[[13]]
[7.],[[17]]
[11.],[[11]]
[5.],[[24]]
[15.],[[17]]
[4.],[[4]]
[12.],[[24]]
[7.],[[17]]
[8.],[[8]]
[10.],[[10]]
[9.],[[20]]
[9.],[[9]]
[14.],[[21]]
[7.],[[17]]
[13.],[[13]]
[5.],[[5]]
[16.],[[10]]
[6.],[[6]]
[9.],[[9]]
[4.],[[14]]
[14.],[[14]]
[3.],[[22]]
[7.],[[17]]
[10.],[[10]]
[2.],[[15]]
[9.],[[9]]
[9.],[[9]]
[7.],[[5]]
[3.],[[11]]
[11.],[[5]]
[6.],[[20]]
[5.],[[24]]
[12.],[[12]]
[7.],[[5]]
[14.],[[1]]
[2.],[[19]]
[10.],[[10]]
[2.],[[2]]
[4.],[[24]]
[11.],[[23]]
[2.],[[8]]
[2.],[[2]]
[14.],[[13]]
[1.],[[1]]
[2.],[[17]]
[10.],[[19]]
[16.],[[16]]
[1.],[[1]]
[3.],[[5]]
[9.],[[9]]
[15.],[[8]]
[3.],[[7]]
[3.],[[3]]
[5.],[[5]]
[5.],[[24]]
[14.],[[21]]
[7.],[[7]]
[2.],[[18]]
[14.],[[21]]
[7.],[[24]]
[12.],[[12]]
[6.],[[23]]
[5.],[[5]]
[8.],[[22]]
[3.],[[7]]
[16.],[[25]]
[16.],[[6]]
[6.],[[25]]
[5.],[[26]]
[5.],[[26]]
[7.],[[11]]
[2.],[[18]]
[5.],[[26]]
[4.],[[15]]
[9.],[[20]]
[3.],[[3]]
[11.],[[11]]
[4.],[[4]]
[11.],[[11]]
[5.],[[5]]
[7.],[[17]]
[5.],[[26]]
[9.],[[22]]
[9.],[[22]]
[4.],[[24]]
[6.],[[20]]
[2.],[[18]]
[2.],[[18]]
[5.],[[20]]
[10.],[[10]]
[14.],[[23]]
[4.],[[19]]
[9.],[[20]]
[5.],[[26]]
[6.],[[25]]
[2.],[[2]]
[16.],[[10]]
[3.],[[21]]
[14.],[[22]]
[15.],[[21]]
[16.],[[25]]
[6.],[[6]]
[2.],[[18]]
[2.],[[19]]
[15.],[[21]]
[14.],[[14]]
[3.],[[7]]
[9.],[[25]]
[16.],[[16]]
[14.],[[14]]
[14.],[[14]]
[9.],[[20]]
[11.],[[11]]
[6.],[[22]]
[14.],[[21]]
[15.],[[26]]
[16.],[[16]]
[12.],[[15]]
[2.],[[7]]
[3.],[[3]]
[3.],[[7]]
[9.],[[25]]
[5.],[[24]]
[5.],[[10]]
[7.],[[7]]
[13.],[[13]]
[5.],[[24]]
[2.],[[8]]
[11.],[[18]]
[4.],[[21]]
[15.],[[15]]
[1.],[[1]]
[5.],[[26]]
[4.],[[4]]
[2.],[[11]]
[13.],[[15]]
[14.],[[22]]
[13.],[[23]]
[4.],[[4]]
[2.],[[2]]
[10.],[[10]]
[6.],[[20]]
[7.],[[21]]
[1.],[[12]]
[5.],[[5]]
[2.],[[18]]
[12.],[[7]]
[9.],[[9]]
[1.],[[15]]
[7.],[[18]]
[12.],[[12]]
[7.],[[5]]
[2.],[[2]]
[8.],[[8]]
[1.],[[12]]
[1.],[[1]]
[5.],[[24]]
[4.],[[2]]
[10.],[[10]]
[14.],[[23]]
[1.],[[1]]
[6.],[[6]]
[13.],[[13]]
[4.],[[4]]
[16.],[[16]]
[16.],[[25]]
[15.],[[15]]
[10.],[[10]]
[5.],[[26]]
[4.],[[19]]
[15.],[[15]]
[7.],[[3]]
[8.],[[8]]
[16.],[[16]]
[5.],[[24]]
[9.],[[9]]
[2.],[[23]]
[9.],[[25]]
[9.],[[20]]
[15.],[[1]]
[10.],[[20]]
[1.],[[1]]
[9.],[[25]]
[16.],[[16]]
[11.],[[8]]
[6.],[[26]]
[8.],[[2]]
[15.],[[15]]
[13.],[[13]]
[3.],[[12]]
[7.],[[7]]
[6.],[[6]]
[11.],[[18]]
[11.],[[11]]
[12.],[[24]]
[16.],[[6]]
[6.],[[22]]
[11.],[[13]]
[7.],[[19]]
[9.],[[25]]
[3.],[[11]]
[1.],[[23]]
[9.],[[9]]
[7.],[[16]]
[13.],[[23]]
[11.],[[23]]
[11.],[[14]]
[13.],[[21]]
[14.],[[22]]
[14.],[[14]]
[11.],[[18]]
[16.],[[16]]
[4.],[[18]]
[13.],[[13]]
[11.],[[3]]
[7.],[[18]]
[14.],[[23]]
[16.],[[16]]
[9.],[[25]]
[7.],[[7]]
[9.],[[20]]
[4.],[[8]]
[6.],[[6]]
[6.],[[25]]
[2.],[[7]]
[2.],[[19]]
[13.],[[13]]
[4.],[[9]]
[9.],[[9]]
[6.],[[22]]
[7.],[[16]]
[13.],[[23]]
[4.],[[8]]
[12.],[[12]]
[2.],[[2]]
[11.],[[24]]
[7.],[[5]]
[2.],[[2]]
[1.],[[1]]
[2.],[[19]]
[3.],[[21]]
[10.],[[10]]
[4.],[[11]]
[13.],[[23]]
[9.],[[9]]
[7.],[[17]]
[13.],[[18]]
[12.],[[12]]
[15.],[[21]]
[15.],[[15]]
[9.],[[25]]
[5.],[[26]]
[2.],[[2]]
[3.],[[21]]
[5.],[[24]]
[8.],[[7]]
[3.],[[3]]
[14.],[[14]]
[16.],[[16]]
[7.],[[2]]
[9.],[[24]]
[15.],[[15]]
[15.],[[21]]
[16.],[[20]]
[5.],[[26]]
[7.],[[7]]
[12.],[[12]]
[6.],[[6]]
[15.],[[15]]
[1.],[[1]]
[1.],[[1]]
[2.],[[2]]
[6.],[[20]]
[2.],[[18]]
[6.],[[20]]
[6.],[[6]]
[4.],[[14]]
[16.],[[16]]
[9.],[[20]]
[4.],[[8]]
[4.],[[4]]
[9.],[[9]]
[9.],[[20]]
[6.],[[20]]
[4.],[[4]]
[4.],[[19]]
[11.],[[8]]
[15.],[[15]]
[15.],[[8]]
[5.],[[5]]
[12.],[[12]]
[2.],[[2]]
[2.],[[19]]
[14.],[[14]]
[2.],[[19]]
[5.],[[20]]
[4.],[[19]]
[2.],[[2]]
[5.],[[26]]
[14.],[[8]]
[2.],[[24]]
[3.],[[8]]
[11.],[[2]]
[2.],[[19]]
[7.],[[12]]
[4.],[[4]]
[2.],[[8]]
[4.],[[21]]
[3.],[[21]]
[11.],[[23]]
[4.],[[24]]
[10.],[[10]]
[2.],[[19]]
[9.],[[25]]
[13.],[[13]]
[11.],[[11]]
[6.],[[22]]
[2.],[[18]]
[9.],[[18]]
[2.],[[19]]
[13.],[[13]]
[6.],[[20]]
[1.],[[1]]
[8.],[[8]]
[1.],[[1]]
[1.],[[1]]
[3.],[[3]]
[6.],[[22]]
[2.],[[24]]
[2.],[[19]]
[2.],[[18]]
[6.],[[16]]
[10.],[[10]]
[3.],[[21]]
[15.],[[18]]
[9.],[[19]]
[6.],[[20]]
[15.],[[15]]
[9.],[[9]]
[3.],[[3]]
[9.],[[9]]
[2.],[[9]]
[15.],[[15]]
[4.],[[19]]
[4.],[[8]]
[1.],[[1]]
[9.],[[5]]
[7.],[[17]]
[2.],[[2]]
[15.],[[17]]
[8.],[[8]]
[2.],[[2]]
[1.],[[1]]
[3.],[[3]]
[4.],[[15]]
[6.],[[6]]
[2.],[[19]]
[6.],[[25]]
[9.],[[25]]
[7.],[[19]]
[8.],[[18]]
[9.],[[22]]
[6.],[[25]]
[7.],[[7]]
[9.],[[9]]
[8.],[[2]]
[11.],[[8]]
[7.],[[7]]
[3.],[[3]]
[14.],[[14]]
[9.],[[22]]
[11.],[[22]]
[11.],[[11]]
[7.],[[20]]
[1.],[[17]]
[13.],[[13]]
[9.],[[19]]
[14.],[[22]]
[5.],[[19]]
[16.],[[4]]
[5.],[[5]]
[15.],[[10]]
[5.],[[26]]
[3.],[[7]]
[6.],[[6]]
[7.],[[7]]
[5.],[[18]]
[13.],[[15]]
[12.],[[12]]
[10.],[[10]]
[5.],[[19]]
[11.],[[14]]
[13.],[[18]]
[15.],[[17]]
[6.],[[20]]
[6.],[[22]]
[15.],[[17]]
[14.],[[14]]
[5.],[[5]]
[5.],[[5]]
[4.],[[1]]
[15.],[[14]]
[15.],[[15]]
[2.],[[4]]
[8.],[[15]]
[3.],[[7]]
[2.],[[18]]
[5.],[[5]]
[8.],[[23]]
[3.],[[21]]
[6.],[[22]]
[11.],[[18]]
[11.],[[22]]
[13.],[[23]]
[7.],[[5]]
[6.],[[25]]
[7.],[[17]]
[4.],[[15]]
[10.],[[26]]
[9.],[[9]]
[4.],[[4]]
[8.],[[15]]
[5.],[[26]]
[9.],[[25]]
[16.],[[16]]
[14.],[[8]]
[15.],[[15]]
[6.],[[25]]
[15.],[[8]]
[6.],[[20]]
[1.],[[12]]
[15.],[[17]]
[9.],[[9]]
[5.],[[26]]
[3.],[[3]]
[9.],[[20]]
[9.],[[25]]
[2.],[[2]]
[2.],[[19]]
[16.],[[16]]
[15.],[[15]]
[11.],[[11]]
[6.],[[16]]
[7.],[[24]]
[5.],[[26]]
[15.],[[15]]
[7.],[[18]]
[4.],[[4]]
[15.],[[15]]
[9.],[[25]]
[3.],[[21]]
[14.],[[14]]
[3.],[[7]]
[3.],[[11]]
[13.],[[13]]
[6.],[[6]]
[3.],[[21]]
[13.],[[13]]
[3.],[[11]]
[8.],[[15]]
[13.],[[13]]
[7.],[[24]]
[4.],[[4]]
[6.],[[25]]
[15.],[[22]]
[6.],[[25]]
[6.],[[26]]
[14.],[[23]]
[10.],[[9]]
[1.],[[1]]
[2.],[[2]]
[13.],[[13]]
[3.],[[21]]
[14.],[[23]]
[2.],[[11]]
[13.],[[23]]
[16.],[[15]]
[7.],[[7]]
[10.],[[10]]
[12.],[[12]]
[13.],[[13]]
[7.],[[17]]
[9.],[[9]]
[2.],[[2]]
[3.],[[6]]
[6.],[[6]]
[5.],[[26]]
[9.],[[20]]
[2.],[[10]]
[6.],[[6]]
[2.],[[22]]
[14.],[[14]]
[16.],[[16]]
[7.],[[24]]
[15.],[[17]]
[2.],[[24]]
[10.],[[10]]
[3.],[[7]]
[4.],[[3]]
[1.],[[1]]
[4.],[[16]]
[2.],[[18]]
[5.],[[24]]
[3.],[[22]]
[6.],[[22]]
[5.],[[26]]
[13.],[[23]]
[7.],[[2]]
[14.],[[23]]
[2.],[[18]]
[16.],[[16]]
[5.],[[26]]
[13.],[[23]]
[4.],[[4]]
[14.],[[21]]
[14.],[[14]]
[6.],[[6]]
[12.],[[3]]
[16.],[[16]]
[12.],[[12]]
[2.],[[19]]
[4.],[[4]]
[9.],[[25]]
[11.],[[11]]
[7.],[[17]]
[2.],[[19]]
[15.],[[15]]
[9.],[[9]]
[6.],[[3]]
[15.],[[21]]
[1.],[[1]]
[2.],[[26]]
[5.],[[24]]
[7.],[[17]]
[1.],[[1]]
[13.],[[13]]
[14.],[[23]]
[14.],[[23]]
[16.],[[25]]
[13.],[[13]]
[2.],[[18]]
[4.],[[4]]
[3.],[[21]]
[9.],[[25]]
[16.],[[16]]
[16.],[[10]]
[5.],[[12]]
[6.],[[6]]
[11.],[[5]]
[6.],[[23]]
[13.],[[23]]
[13.],[[13]]
[5.],[[5]]
[14.],[[23]]
[1.],[[17]]
[6.],[[20]]
[6.],[[19]]
[13.],[[13]]
[4.],[[4]]
[10.],[[10]]
[2.],[[17]]
[3.],[[3]]
[7.],[[7]]
[3.],[[21]]
[7.],[[17]]
[2.],[[18]]
[13.],[[23]]
[4.],[[15]]
[2.],[[4]]
[15.],[[3]]
[4.],[[4]]
[10.],[[10]]
[14.],[[23]]
[1.],[[1]]
[4.],[[6]]
[1.],[[1]]
[5.],[[26]]
[14.],[[14]]
[12.],[[12]]
[2.],[[2]]
[3.],[[3]]
[12.],[[11]]
[6.],[[26]]
[7.],[[17]]
[10.],[[10]]
[9.],[[9]]
[9.],[[9]]
[6.],[[6]]
[7.],[[7]]
[13.],[[13]]
[16.],[[10]]
[15.],[[8]]
[3.],[[3]]
[7.],[[18]]
[13.],[[13]]
[16.],[[16]]
[2.],[[2]]
[14.],[[22]]
[2.],[[11]]
[15.],[[8]]
[16.],[[10]]
[11.],[[11]]
[6.],[[23]]
[11.],[[11]]
[4.],[[6]]
[15.],[[8]]
[9.],[[20]]
[2.],[[19]]
[5.],[[26]]
[12.],[[12]]
[10.],[[10]]
[3.],[[11]]
[15.],[[15]]
[16.],[[16]]
[15.],[[15]]
[2.],[[19]]
[7.],[[7]]
[7.],[[3]]
[13.],[[13]]
[13.],[[13]]
[4.],[[8]]
[6.],[[23]]
[5.],[[19]]
[16.],[[7]]
[2.],[[18]]
[3.],[[5]]
[3.],[[3]]
[5.],[[26]]
[7.],[[17]]
[7.],[[7]]
[14.],[[13]]
[3.],[[22]]
[16.],[[6]]
[1.],[[12]]
[14.],[[22]]
[4.],[[12]]
[3.],[[3]]
[3.],[[21]]
[10.],[[10]]
[9.],[[25]]
[12.],[[12]]
[11.],[[14]]
[1.],[[1]]
[10.],[[10]]
[3.],[[21]]
[5.],[[26]]
[11.],[[8]]
[9.],[[25]]
[7.],[[17]]
[2.],[[10]]
[16.],[[16]]
[7.],[[17]]
[9.],[[24]]
[14.],[[22]]
[11.],[[11]]
[16.],[[16]]
[13.],[[13]]
[11.],[[23]]
[9.],[[25]]
[16.],[[25]]
[2.],[[2]]
[11.],[[5]]
[11.],[[18]]
[15.],[[4]]
[14.],[[23]]
[16.],[[18]]
[9.],[[20]]
[16.],[[16]]
[5.],[[26]]
[6.],[[25]]
[4.],[[6]]
[12.],[[12]]
[3.],[[7]]
[13.],[[23]]
[16.],[[26]]
[16.],[[6]]
[4.],[[4]]
[11.],[[18]]
[7.],[[17]]
[16.],[[16]]
[14.],[[14]]
[3.],[[21]]
[5.],[[5]]
[5.],[[12]]
[1.],[[1]]
[13.],[[13]]
[2.],[[2]]
[4.],[[4]]
[2.],[[18]]
[10.],[[26]]
[7.],[[20]]
[9.],[[9]]
[6.],[[25]]
[2.],[[4]]
[6.],[[6]]
[3.],[[24]]
[4.],[[4]]
[11.],[[11]]
[9.],[[20]]
[2.],[[2]]
[2.],[[2]]
[9.],[[9]]
[6.],[[25]]
[6.],[[20]]
[7.],[[17]]
[10.],[[9]]
[2.],[[5]]
[8.],[[18]]
[3.],[[3]]
[5.],[[26]]
[9.],[[25]]
[15.],[[17]]
[16.],[[6]]
[9.],[[20]]
[4.],[[14]]
[5.],[[4]]
[2.],[[24]]
[16.],[[6]]
[15.],[[21]]
[15.],[[8]]
[3.],[[21]]
[4.],[[4]]
[3.],[[3]]
[9.],[[25]]
[10.],[[9]]
[5.],[[26]]
[15.],[[18]]
[3.],[[11]]
[9.],[[20]]
[4.],[[4]]
[6.],[[6]]
[12.],[[24]]
[13.],[[13]]
[12.],[[12]]
[5.],[[5]]
[9.],[[10]]
[14.],[[8]]
[11.],[[11]]
[13.],[[13]]
[2.],[[2]]
[16.],[[16]]
[15.],[[15]]
[2.],[[4]]
[5.],[[5]]
[3.],[[6]]
[3.],[[21]]
[12.],[[12]]
[7.],[[17]]
[16.],[[26]]
[13.],[[13]]
[7.],[[7]]
[11.],[[11]]
[14.],[[23]]
[9.],[[9]]
[11.],[[1]]
[7.],[[5]]
[16.],[[16]]
[3.],[[11]]
[5.],[[5]]
[7.],[[11]]
[5.],[[26]]
[16.],[[8]]
[5.],[[24]]
[14.],[[14]]
[9.],[[25]]
[4.],[[24]]
[6.],[[6]]
[13.],[[23]]
[14.],[[13]]
[5.],[[19]]
[16.],[[16]]
[13.],[[13]]
[4.],[[4]]
[1.],[[26]]
[8.],[[8]]
[5.],[[20]]
[3.],[[3]]
[16.],[[16]]
[13.],[[23]]
[4.],[[4]]
[15.],[[8]]
[14.],[[14]]
[2.],[[24]]
[9.],[[25]]
[9.],[[9]]
[6.],[[6]]
[15.],[[25]]
[15.],[[4]]
[7.],[[17]]
[16.],[[16]]
[14.],[[23]]
[4.],[[6]]
[12.],[[12]]
[6.],[[25]]
[3.],[[25]]
[9.],[[20]]
[9.],[[9]]
[10.],[[10]]
[11.],[[11]]
[9.],[[9]]
[7.],[[7]]
[5.],[[26]]
[4.],[[4]]
[4.],[[8]]
[5.],[[24]]
[6.],[[20]]
[14.],[[14]]
[12.],[[12]]
[14.],[[23]]
[9.],[[20]]
[5.],[[26]]
[3.],[[21]]
[5.],[[19]]
[2.],[[2]]
[15.],[[21]]
[13.],[[13]]
[11.],[[18]]
[7.],[[22]]
[5.],[[11]]
[5.],[[26]]
[12.],[[12]]
[7.],[[7]]
[9.],[[20]]
[12.],[[7]]
[13.],[[13]]
[11.],[[11]]
[13.],[[13]]
[2.],[[19]]
[2.],[[18]]
[14.],[[8]]
[2.],[[5]]
[3.],[[3]]
[11.],[[14]]
[12.],[[12]]
[16.],[[16]]
[6.],[[22]]
[15.],[[21]]
[10.],[[19]]
[16.],[[15]]
[12.],[[12]]
[10.],[[10]]
[2.],[[2]]
[6.],[[25]]
[5.],[[5]]
[11.],[[11]]
[4.],[[8]]
[7.],[[7]]
[15.],[[15]]
[4.],[[24]]
[9.],[[22]]
[12.],[[26]]
[5.],[[19]]
[2.],[[19]]
[6.],[[16]]
[6.],[[20]]
[15.],[[15]]
[7.],[[17]]
[1.],[[22]]
[2.],[[19]]
[14.],[[23]]
[10.],[[10]]
[1.],[[1]]
[1.],[[1]]
[1.],[[1]]
[4.],[[4]]
[2.],[[19]]
[13.],[[13]]
[6.],[[6]]
[14.],[[23]]
[11.],[[14]]
[14.],[[23]]
[5.],[[5]]
[16.],[[16]]
[11.],[[1]]
[5.],[[24]]
[2.],[[19]]
[9.],[[9]]
[13.],[[23]]
[5.],[[26]]
[12.],[[12]]
[10.],[[9]]
[4.],[[2]]
[10.],[[10]]
[7.],[[20]]
[3.],[[7]]
[5.],[[5]]
[2.],[[18]]
[13.],[[21]]
[14.],[[14]]
[14.],[[8]]
[3.],[[11]]
[15.],[[18]]
[13.],[[15]]
[6.],[[22]]
[6.],[[22]]
[14.],[[8]]
[9.],[[25]]
[12.],[[12]]
[12.],[[12]]
[12.],[[12]]
[7.],[[16]]
[7.],[[17]]
[6.],[[25]]
[11.],[[3]]
[14.],[[23]]
[14.],[[14]]
[8.],[[5]]
[1.],[[1]]
[12.],[[24]]
[1.],[[1]]
[5.],[[12]]
[2.],[[19]]
[10.],[[10]]
[12.],[[12]]
[7.],[[17]]
[6.],[[22]]
[13.],[[13]]
[4.],[[4]]
[2.],[[18]]
[9.],[[20]]
[7.],[[8]]
[11.],[[11]]
[1.],[[8]]
[1.],[[1]]
[16.],[[16]]
[6.],[[6]]
[7.],[[18]]
[7.],[[17]]
[15.],[[15]]
[3.],[[3]]
[14.],[[14]]
[5.],[[19]]
[16.],[[16]]
[16.],[[6]]
[6.],[[25]]
[6.],[[20]]
[14.],[[8]]
[1.],[[1]]
[7.],[[11]]
[16.],[[7]]
[10.],[[10]]
[4.],[[4]]
[2.],[[2]]
[4.],[[24]]
[2.],[[24]]
[16.],[[16]]
[15.],[[15]]
[2.],[[10]]
[3.],[[21]]
[16.],[[16]]
[14.],[[25]]
[14.],[[14]]
[15.],[[15]]
[3.],[[5]]
[9.],[[6]]
[4.],[[4]]
[9.],[[9]]
[3.],[[21]]
[6.],[[20]]
[5.],[[5]]
[10.],[[10]]
[7.],[[7]]
[13.],[[13]]
[7.],[[17]]
[4.],[[24]]
[11.],[[8]]
[16.],[[16]]
[3.],[[3]]
[2.],[[8]]
[1.],[[1]]
[2.],[[2]]
[1.],[[8]]
[14.],[[14]]
[12.],[[12]]
[12.],[[19]]
[5.],[[5]]
[2.],[[4]]
[7.],[[12]]
[13.],[[13]]
[6.],[[22]]
[15.],[[8]]
[9.],[[25]]
[1.],[[1]]
[3.],[[7]]
[9.],[[25]]
[6.],[[6]]
[13.],[[13]]
[8.],[[25]]
[11.],[[11]]
[3.],[[3]]
[6.],[[16]]
[3.],[[11]]
[2.],[[12]]
[16.],[[22]]
[12.],[[12]]
[13.],[[13]]
[6.],[[20]]
[6.],[[20]]
[2.],[[2]]
[16.],[[16]]
[5.],[[5]]
[3.],[[3]]
[6.],[[6]]
[15.],[[14]]
[3.],[[3]]
[13.],[[23]]
[2.],[[6]]
[9.],[[25]]
[9.],[[9]]
[9.],[[9]]
[7.],[[7]]
[9.],[[20]]
[8.],[[3]]
[7.],[[7]]
[11.],[[23]]
[3.],[[21]]
[5.],[[26]]
[2.],[[2]]
[2.],[[5]]
[16.],[[8]]
[12.],[[12]]
[1.],[[1]]
[7.],[[17]]
[9.],[[25]]
[5.],[[11]]
[4.],[[4]]
[5.],[[24]]
[13.],[[13]]
[6.],[[22]]
[7.],[[24]]
[5.],[[26]]
[6.],[[25]]
[15.],[[21]]
[9.],[[25]]
[12.],[[19]]
[8.],[[15]]
[2.],[[24]]
[11.],[[5]]
[3.],[[3]]
[16.],[[16]]
[3.],[[5]]
[13.],[[13]]
[14.],[[23]]
[13.],[[13]]
[16.],[[16]]
[3.],[[7]]
[4.],[[4]]
[15.],[[17]]
[9.],[[9]]
[6.],[[25]]
[13.],[[8]]
[14.],[[14]]
[3.],[[7]]
[12.],[[12]]
[10.],[[26]]
[2.],[[24]]
[16.],[[16]]
[13.],[[13]]
[5.],[[26]]
[5.],[[24]]
[3.],[[5]]
[5.],[[24]]
[12.],[[12]]
[4.],[[15]]
[14.],[[23]]
[4.],[[6]]
[3.],[[5]]
[3.],[[21]]
[14.],[[14]]
[2.],[[18]]
[15.],[[21]]
[2.],[[19]]
[11.],[[18]]
[15.],[[8]]
[8.],[[8]]
[11.],[[8]]
[2.],[[24]]
[6.],[[22]]
[15.],[[4]]
[10.],[[10]]
[10.],[[10]]
[9.],[[25]]
[13.],[[13]]
[5.],[[5]]
[6.],[[6]]
[11.],[[24]]
[11.],[[11]]
[2.],[[19]]
[7.],[[3]]
[13.],[[21]]
[2.],[[2]]
[13.],[[13]]
[2.],[[2]]
[12.],[[12]]
[16.],[[16]]
[15.],[[21]]
[10.],[[10]]
[14.],[[1]]
[13.],[[13]]
[1.],[[1]]
[2.],[[2]]
[15.],[[21]]
[3.],[[7]]
[6.],[[20]]
[15.],[[15]]
[15.],[[15]]
[6.],[[6]]
[9.],[[22]]
[7.],[[15]]
[6.],[[26]]
[5.],[[5]]
[1.],[[1]]
[16.],[[22]]
[1.],[[1]]
[2.],[[2]]
[12.],[[12]]
[3.],[[21]]
[7.],[[18]]
[6.],[[6]]
[9.],[[25]]
[1.],[[1]]
[9.],[[9]]
[11.],[[24]]
[14.],[[23]]
[14.],[[14]]
[4.],[[4]]
[6.],[[22]]
[5.],[[26]]
[10.],[[10]]
[12.],[[12]]
[14.],[[23]]
[3.],[[3]]
[14.],[[14]]
[3.],[[11]]
[14.],[[14]]
[9.],[[24]]
[9.],[[20]]
[2.],[[19]]
[16.],[[16]]
[6.],[[6]]
[9.],[[9]]
[3.],[[6]]
[4.],[[4]]
[6.],[[6]]
[13.],[[13]]
[14.],[[22]]
[2.],[[10]]
[3.],[[3]]
[2.],[[2]]
[2.],[[2]]
[9.],[[20]]
[9.],[[20]]
[9.],[[20]]
[12.],[[19]]
[5.],[[5]]
[13.],[[23]]
[4.],[[4]]
[4.],[[15]]
[14.],[[14]]
[6.],[[6]]
[14.],[[23]]
[2.],[[18]]
[1.],[[1]]
[6.],[[20]]
[9.],[[25]]
[6.],[[26]]
[5.],[[26]]
[11.],[[11]]
[3.],[[7]]
[6.],[[26]]
[2.],[[19]]
[11.],[[14]]
[1.],[[1]]
[11.],[[8]]
[5.],[[26]]
[9.],[[24]]
[6.],[[6]]
[6.],[[20]]
[10.],[[10]]
[3.],[[11]]
[5.],[[24]]
[14.],[[14]]
[15.],[[15]]
[3.],[[7]]
[4.],[[4]]
[7.],[[11]]
[9.],[[22]]
[2.],[[2]]
[6.],[[10]]
[9.],[[25]]
[7.],[[5]]
[16.],[[16]]
[3.],[[5]]
[8.],[[15]]
[5.],[[26]]
[9.],[[25]]
[14.],[[23]]
[15.],[[21]]
[15.],[[15]]
[15.],[[21]]
[16.],[[6]]
[5.],[[5]]
[2.],[[7]]
[7.],[[7]]
[3.],[[21]]
[3.],[[3]]
[10.],[[10]]
[6.],[[6]]
[16.],[[16]]
[5.],[[26]]
[8.],[[21]]
[14.],[[23]]
[3.],[[21]]
[11.],[[11]]
[12.],[[12]]
[9.],[[22]]
[13.],[[13]]
[11.],[[23]]
[9.],[[22]]
[6.],[[6]]
[12.],[[17]]
[11.],[[11]]
[3.],[[3]]
[2.],[[17]]
[9.],[[25]]
[14.],[[18]]
[3.],[[3]]
[7.],[[7]]
[4.],[[24]]
[14.],[[8]]
[7.],[[17]]
[14.],[[14]]
[2.],[[17]]
[6.],[[26]]
[2.],[[17]]
[14.],[[14]]
[13.],[[21]]
[5.],[[24]]
[14.],[[22]]
[14.],[[14]]
[9.],[[22]]
[4.],[[4]]
[2.],[[2]]
[5.],[[26]]
[7.],[[17]]
[15.],[[21]]
[11.],[[19]]
[11.],[[14]]
[16.],[[16]]
[5.],[[26]]
[7.],[[17]]
[2.],[[9]]
[4.],[[14]]
[7.],[[7]]
[2.],[[2]]
[16.],[[14]]
[5.],[[26]]
[3.],[[3]]
[5.],[[11]]
[2.],[[2]]
[2.],[[13]]
[6.],[[6]]
[7.],[[24]]
[13.],[[15]]
[13.],[[13]]
[1.],[[1]]
[11.],[[14]]
[13.],[[13]]
[4.],[[4]]
[6.],[[6]]
[6.],[[22]]
[11.],[[23]]
[3.],[[15]]
[6.],[[6]]
[1.],[[1]]
[9.],[[25]]
[9.],[[9]]
[15.],[[15]]
[4.],[[4]]
[6.],[[20]]
[9.],[[22]]
[5.],[[26]]
[3.],[[21]]
[9.],[[26]]
[11.],[[9]]
[6.],[[6]]
[7.],[[17]]
[11.],[[11]]
[7.],[[24]]
[15.],[[21]]
[3.],[[21]]
[4.],[[14]]
[3.],[[7]]
[5.],[[5]]
[1.],[[1]]
[5.],[[26]]
[14.],[[13]]
[7.],[[18]]
[11.],[[11]]
[7.],[[17]]
[3.],[[8]]
[1.],[[1]]
[2.],[[2]]
[13.],[[13]]
[6.],[[22]]
[12.],[[17]]
[16.],[[16]]
[2.],[[2]]
[5.],[[26]]
[3.],[[7]]
[4.],[[9]]
[12.],[[21]]
[16.],[[26]]
[7.],[[18]]
[9.],[[20]]
[16.],[[16]]
[8.],[[17]]
[16.],[[16]]
[6.],[[6]]
[2.],[[6]]
[9.],[[25]]
[14.],[[23]]
[13.],[[23]]
[4.],[[8]]
[14.],[[23]]
[5.],[[11]]
[12.],[[12]]
[16.],[[16]]
[11.],[[17]]
[2.],[[18]]
[15.],[[21]]
[14.],[[25]]
[5.],[[26]]
[2.],[[26]]
[2.],[[18]]
[1.],[[4]]
[7.],[[20]]
[15.],[[8]]
[8.],[[8]]
[5.],[[24]]
[2.],[[9]]
[9.],[[25]]
[6.],[[26]]
[13.],[[14]]
[9.],[[9]]
[3.],[[3]]
[15.],[[15]]
[9.],[[25]]
[1.],[[1]]
[9.],[[9]]
[15.],[[26]]
[2.],[[2]]
[7.],[[17]]
[3.],[[21]]
[3.],[[11]]
[2.],[[2]]
[10.],[[10]]
[1.],[[1]]
[12.],[[24]]
[6.],[[20]]
[9.],[[25]]
[5.],[[26]]
[2.],[[6]]
[15.],[[21]]
[9.],[[22]]
[1.],[[26]]
[6.],[[5]]
[9.],[[9]]
[9.],[[25]]
[12.],[[12]]
[2.],[[2]]
[3.],[[6]]
[9.],[[24]]
[7.],[[19]]
[3.],[[3]]
[1.],[[1]]
[7.],[[24]]
[16.],[[10]]
[4.],[[4]]
[7.],[[17]]
[4.],[[5]]
[7.],[[17]]
[16.],[[6]]
[2.],[[19]]
[7.],[[24]]
[12.],[[7]]
[1.],[[4]]
[7.],[[18]]
[1.],[[1]]
[9.],[[9]]
[4.],[[15]]
[9.],[[25]]
[9.],[[9]]
[10.],[[4]]
[7.],[[18]]
[13.],[[23]]
[2.],[[19]]
[6.],[[6]]
[5.],[[18]]
[8.],[[14]]
[1.],[[1]]
[13.],[[13]]
[14.],[[14]]
[4.],[[4]]
[9.],[[22]]
[2.],[[5]]
[13.],[[13]]
[15.],[[1]]
[8.],[[8]]
[3.],[[21]]
[16.],[[16]]
[10.],[[20]]
[9.],[[18]]
[3.],[[24]]
[1.],[[1]]
[4.],[[4]]
[3.],[[6]]
[5.],[[5]]
[5.],[[24]]
[12.],[[12]]
[14.],[[15]]
[5.],[[26]]
[7.],[[19]]
[5.],[[5]]
[6.],[[6]]
[4.],[[4]]
[7.],[[17]]
[2.],[[2]]
[6.],[[20]]
[2.],[[19]]
[9.],[[20]]
[1.],[[1]]
[13.],[[1]]
[3.],[[5]]
[14.],[[23]]
[2.],[[19]]
[3.],[[21]]
[10.],[[19]]
[7.],[[18]]
[15.],[[10]]
[1.],[[1]]
[9.],[[25]]
[6.],[[6]]
[4.],[[8]]
[15.],[[15]]
[4.],[[4]]
[5.],[[5]]
[4.],[[22]]
[1.],[[17]]
[15.],[[21]]
[7.],[[24]]
[1.],[[1]]
[15.],[[18]]
[3.],[[3]]
[9.],[[22]]
[12.],[[12]]
[7.],[[8]]
[2.],[[17]]
[9.],[[22]]
[16.],[[16]]
[16.],[[16]]
[9.],[[9]]
[2.],[[2]]
[9.],[[25]]
[14.],[[23]]
[14.],[[14]]
[13.],[[23]]
[2.],[[2]]
[9.],[[20]]
[3.],[[3]]
[2.],[[24]]
[7.],[[5]]
[2.],[[2]]
[15.],[[8]]
[2.],[[12]]
[2.],[[19]]
[15.],[[15]]
[7.],[[7]]
[16.],[[16]]
[16.],[[16]]
[4.],[[4]]
[13.],[[21]]
[6.],[[6]]
[3.],[[24]]
[6.],[[22]]
[10.],[[10]]
[6.],[[22]]
[9.],[[9]]
[6.],[[22]]
[15.],[[8]]
[2.],[[4]]
[4.],[[24]]
[7.],[[7]]
[2.],[[18]]
[14.],[[14]]
[14.],[[23]]
[2.],[[9]]
[4.],[[18]]
[14.],[[23]]
[13.],[[13]]
[3.],[[11]]
[9.],[[22]]
[14.],[[23]]
[14.],[[23]]
[2.],[[26]]
[5.],[[5]]
[16.],[[16]]
[3.],[[3]]
[14.],[[23]]
[12.],[[12]]
[1.],[[1]]
[9.],[[20]]
[5.],[[5]]
[13.],[[3]]
[13.],[[13]]
[12.],[[12]]
[11.],[[7]]
[14.],[[14]]
[3.],[[21]]
[13.],[[13]]
[5.],[[24]]
[2.],[[2]]
[4.],[[26]]
[3.],[[7]]
[1.],[[1]]
[12.],[[12]]
[7.],[[17]]
[1.],[[1]]
[9.],[[9]]
[1.],[[1]]
[13.],[[4]]
[16.],[[16]]
[2.],[[17]]
[14.],[[8]]
[7.],[[24]]
[15.],[[3]]
[16.],[[16]]
[9.],[[9]]
[13.],[[8]]
[9.],[[9]]
[2.],[[26]]
[9.],[[19]]
[16.],[[16]]
[6.],[[22]]
[9.],[[9]]
[15.],[[8]]
[7.],[[5]]
[15.],[[9]]
[13.],[[13]]
[6.],[[26]]
[7.],[[17]]
[2.],[[2]]
[6.],[[22]]
[4.],[[19]]
[15.],[[15]]
[16.],[[16]]
[7.],[[11]]
[2.],[[2]]
[6.],[[5]]
[15.],[[21]]
[6.],[[22]]
[11.],[[14]]
[9.],[[9]]
[2.],[[11]]
[14.],[[14]]
[7.],[[7]]
[2.],[[19]]
[2.],[[2]]
[2.],[[18]]
[7.],[[17]]
[8.],[[21]]
[6.],[[19]]
[16.],[[8]]
[3.],[[7]]
[12.],[[12]]
[11.],[[23]]
[2.],[[19]]
[14.],[[14]]
[7.],[[5]]
[10.],[[10]]
[16.],[[16]]
[7.],[[17]]
[16.],[[8]]
[4.],[[4]]
[7.],[[2]]
[2.],[[19]]
[2.],[[20]]
[2.],[[24]]
[7.],[[17]]
[5.],[[5]]
[13.],[[13]]
[9.],[[25]]
[15.],[[15]]
[8.],[[15]]
[3.],[[3]]
[11.],[[18]]
[4.],[[4]]
[11.],[[11]]
[16.],[[20]]
[7.],[[17]]
[7.],[[17]]
[11.],[[18]]
[6.],[[6]]
[5.],[[5]]
[5.],[[19]]
[6.],[[6]]
[6.],[[25]]
[15.],[[15]]
[8.],[[8]]
[6.],[[20]]
[1.],[[1]]
[14.],[[14]]
[1.],[[1]]
[5.],[[20]]
[3.],[[3]]
[9.],[[25]]
[12.],[[3]]
[6.],[[6]]
[5.],[[26]]
[14.],[[14]]
[11.],[[14]]
[12.],[[12]]
[6.],[[25]]
[11.],[[21]]
[13.],[[17]]
[2.],[[2]]
[4.],[[4]]
[9.],[[25]]
[10.],[[10]]
[15.],[[8]]
[5.],[[5]]
[8.],[[8]]
[11.],[[11]]
[13.],[[13]]
[9.],[[9]]
[3.],[[21]]
[2.],[[12]]
[7.],[[24]]
[1.],[[1]]
[6.],[[25]]
[1.],[[1]]
[15.],[[1]]
[4.],[[20]]
[2.],[[18]]
[8.],[[14]]
[4.],[[4]]
[2.],[[18]]
[2.],[[2]]
[7.],[[5]]
[13.],[[13]]
[4.],[[24]]
[13.],[[23]]
[9.],[[20]]
[7.],[[25]]
[2.],[[2]]
[4.],[[15]]
[12.],[[12]]
[16.],[[10]]
[7.],[[24]]
[5.],[[5]]
[9.],[[26]]
[3.],[[3]]
[7.],[[12]]
[3.],[[3]]
[10.],[[10]]
[11.],[[21]]
[3.],[[21]]
[3.],[[3]]
[16.],[[16]]
[9.],[[9]]
[2.],[[18]]
[14.],[[23]]
[13.],[[13]]
[5.],[[20]]
[16.],[[16]]
[9.],[[25]]
[3.],[[17]]
[14.],[[20]]
[11.],[[11]]
[1.],[[1]]
[13.],[[15]]
[11.],[[18]]
[2.],[[19]]
[16.],[[16]]
[7.],[[7]]
[3.],[[3]]
[11.],[[11]]
[5.],[[26]]
[13.],[[13]]
[9.],[[9]]
[4.],[[4]]
[16.],[[16]]
[7.],[[18]]
[6.],[[6]]
[1.],[[12]]
[9.],[[9]]
[2.],[[10]]
[11.],[[11]]
[7.],[[7]]
[4.],[[4]]
[7.],[[21]]
[8.],[[7]]
[16.],[[16]]
[4.],[[4]]
[3.],[[7]]
[16.],[[16]]
[7.],[[7]]
[14.],[[23]]
[1.],[[1]]
[6.],[[6]]
[9.],[[25]]
[14.],[[23]]
[7.],[[17]]
[6.],[[23]]
[14.],[[14]]
[12.],[[12]]
[4.],[[4]]
[15.],[[15]]
[14.],[[23]]
[14.],[[23]]
[5.],[[26]]
[6.],[[8]]
[6.],[[25]]
[12.],[[12]]
[16.],[[6]]
[14.],[[20]]
[14.],[[23]]
[5.],[[24]]
[11.],[[14]]
[5.],[[5]]
[15.],[[21]]
[7.],[[7]]
[6.],[[6]]
[12.],[[5]]
[11.],[[11]]
[3.],[[3]]
[6.],[[19]]
[9.],[[25]]
[12.],[[12]]
[11.],[[3]]
[7.],[[24]]
[5.],[[26]]
[12.],[[12]]
[2.],[[19]]
[2.],[[2]]
[7.],[[7]]
[14.],[[22]]
[3.],[[3]]
[16.],[[10]]
[5.],[[11]]
[13.],[[13]]
[7.],[[17]]
[4.],[[20]]
[16.],[[16]]
[5.],[[5]]
[13.],[[7]]
[14.],[[14]]
[14.],[[23]]
[1.],[[1]]
[6.],[[22]]
[8.],[[8]]
[4.],[[7]]
[12.],[[12]]
[14.],[[8]]
[12.],[[12]]
[13.],[[13]]
[5.],[[24]]
[16.],[[10]]
[15.],[[3]]
[2.],[[2]]
[6.],[[6]]
[16.],[[16]]
[15.],[[15]]
[3.],[[3]]
[5.],[[5]]
[10.],[[10]]
[6.],[[6]]
[16.],[[16]]
[14.],[[14]]
[13.],[[13]]
[9.],[[22]]
[9.],[[9]]
[7.],[[18]]
[15.],[[18]]
[1.],[[1]]
[6.],[[22]]
[16.],[[16]]
[12.],[[12]]
[15.],[[15]]
[1.],[[1]]
[14.],[[22]]
[7.],[[7]]
[6.],[[25]]
[3.],[[3]]
[6.],[[16]]
[2.],[[19]]
[3.],[[5]]
[11.],[[18]]
[5.],[[26]]
[1.],[[1]]
[12.],[[19]]
[6.],[[26]]
[5.],[[5]]
[14.],[[23]]
[14.],[[20]]
[5.],[[5]]
[3.],[[21]]
[15.],[[15]]
[2.],[[7]]
[3.],[[24]]
[2.],[[17]]
[7.],[[18]]
[16.],[[25]]
[9.],[[25]]
[3.],[[3]]
[4.],[[24]]
[14.],[[23]]
[7.],[[7]]
[6.],[[25]]
[14.],[[20]]
[16.],[[16]]
[11.],[[14]]
[9.],[[25]]
[4.],[[18]]
[12.],[[12]]
[3.],[[21]]
[4.],[[17]]
[7.],[[5]]
[4.],[[8]]
[14.],[[20]]
[6.],[[25]]
[2.],[[12]]
[6.],[[25]]
[2.],[[2]]
[3.],[[11]]
[14.],[[14]]
[3.],[[7]]
[12.],[[26]]
[5.],[[20]]
[4.],[[4]]
[11.],[[3]]
[14.],[[23]]
[1.],[[1]]
[2.],[[2]]
[14.],[[23]]
[10.],[[10]]
[13.],[[13]]
[4.],[[8]]
[5.],[[5]]
[1.],[[1]]
[1.],[[13]]
[1.],[[1]]
[1.],[[1]]
[3.],[[21]]
[3.],[[22]]
[7.],[[17]]
[15.],[[21]]
[6.],[[6]]
[3.],[[3]]
[4.],[[4]]
[7.],[[25]]
[6.],[[6]]
[15.],[[20]]
[14.],[[18]]
[8.],[[8]]
[5.],[[5]]
[3.],[[21]]
[7.],[[19]]
[7.],[[11]]
[5.],[[19]]
[4.],[[10]]
[9.],[[24]]
[16.],[[16]]
[7.],[[18]]
[14.],[[22]]
[13.],[[13]]
[12.],[[12]]
[13.],[[14]]
[2.],[[6]]
[7.],[[5]]
[11.],[[3]]
[4.],[[4]]
[11.],[[11]]
[10.],[[19]]
[1.],[[1]]
[9.],[[22]]
[9.],[[10]]
[7.],[[5]]
[1.],[[19]]
[13.],[[13]]
[5.],[[12]]
[9.],[[25]]
[9.],[[25]]
[4.],[[26]]
[5.],[[5]]
[5.],[[12]]
[2.],[[19]]
[10.],[[10]]
[9.],[[25]]
[1.],[[1]]
[11.],[[11]]
[7.],[[12]]
[2.],[[9]]
[3.],[[3]]
[5.],[[26]]
[10.],[[10]]
[6.],[[16]]
[13.],[[13]]
[7.],[[7]]
[4.],[[15]]
[10.],[[10]]
[8.],[[15]]
[16.],[[16]]
[5.],[[20]]
[6.],[[6]]
[10.],[[10]]
[4.],[[4]]
[5.],[[24]]
[13.],[[13]]
[6.],[[22]]
[1.],[[1]]
[12.],[[9]]
[5.],[[26]]
[8.],[[1]]
[10.],[[10]]
[3.],[[11]]
[2.],[[18]]
[12.],[[12]]
[5.],[[5]]
[12.],[[12]]
[4.],[[4]]
[3.],[[3]]
[3.],[[22]]
[9.],[[9]]
[4.],[[15]]
[15.],[[15]]
[16.],[[16]]
[14.],[[14]]
[5.],[[5]]
[9.],[[25]]
[14.],[[14]]
[5.],[[5]]
[14.],[[14]]
[6.],[[19]]
[11.],[[1]]
[16.],[[16]]
[14.],[[23]]
[10.],[[10]]
[15.],[[8]]
[1.],[[1]]
[16.],[[16]]
[15.],[[17]]
[13.],[[13]]
[8.],[[21]]
[13.],[[13]]
[14.],[[23]]
[14.],[[22]]
[13.],[[13]]
[7.],[[24]]
[4.],[[4]]
[9.],[[25]]
[4.],[[4]]
[5.],[[11]]
[2.],[[2]]
[1.],[[7]]
[2.],[[26]]
[1.],[[1]]
[14.],[[22]]
[2.],[[18]]
[9.],[[25]]
[4.],[[19]]
[15.],[[17]]
[6.],[[6]]
[14.],[[14]]
[6.],[[22]]
[1.],[[1]]
[6.],[[24]]
[7.],[[3]]
[14.],[[23]]
[2.],[[26]]
[12.],[[7]]
[2.],[[16]]
[3.],[[21]]
[6.],[[22]]
[3.],[[3]]
[14.],[[21]]
[7.],[[7]]
[6.],[[20]]
[15.],[[17]]
[6.],[[6]]
[2.],[[18]]
[16.],[[14]]
[9.],[[25]]
[5.],[[24]]
[3.],[[6]]
[5.],[[5]]
[14.],[[21]]
[3.],[[7]]
[2.],[[2]]
[12.],[[17]]
[5.],[[24]]
[14.],[[14]]
[15.],[[10]]
[7.],[[7]]
[4.],[[4]]
[4.],[[4]]
[13.],[[13]]
[14.],[[23]]
[14.],[[14]]
[14.],[[23]]
[3.],[[3]]
[5.],[[26]]
[4.],[[10]]
[11.],[[13]]
[16.],[[16]]
[6.],[[22]]
[12.],[[12]]
[4.],[[4]]
[5.],[[26]]
[7.],[[11]]
[3.],[[11]]
[11.],[[22]]
[6.],[[20]]
[9.],[[22]]
[6.],[[25]]
[13.],[[23]]
[13.],[[13]]
[13.],[[13]]
[1.],[[1]]
[16.],[[16]]
[11.],[[17]]
[7.],[[5]]
[14.],[[23]]
[7.],[[15]]
[2.],[[2]]
[12.],[[12]]
[6.],[[16]]
[4.],[[8]]
[13.],[[13]]
[7.],[[11]]
[8.],[[15]]
[14.],[[14]]
[2.],[[18]]
[2.],[[18]]
[4.],[[24]]
[12.],[[24]]
[6.],[[22]]
[16.],[[16]]
[11.],[[8]]
[5.],[[26]]
[14.],[[14]]
[1.],[[1]]
[6.],[[25]]
[14.],[[23]]
[5.],[[26]]
[5.],[[12]]
[3.],[[21]]
[5.],[[5]]
[3.],[[5]]
[14.],[[23]]
[13.],[[22]]
[4.],[[4]]
[5.],[[5]]
[15.],[[15]]
[9.],[[9]]
[15.],[[15]]
[5.],[[5]]
[15.],[[10]]
[8.],[[15]]
[4.],[[19]]
[5.],[[26]]
[4.],[[4]]
[6.],[[25]]
[14.],[[14]]
[7.],[[7]]
[9.],[[20]]
[13.],[[13]]
[11.],[[11]]
[4.],[[10]]
[2.],[[18]]
[3.],[[3]]
[13.],[[13]]
[15.],[[15]]
[2.],[[2]]
[2.],[[19]]
[16.],[[25]]
[2.],[[19]]
[6.],[[22]]
[16.],[[16]]
[6.],[[26]]
[5.],[[24]]
[2.],[[18]]
[3.],[[21]]
[1.],[[26]]
[2.],[[2]]
[5.],[[24]]
[3.],[[11]]
[7.],[[24]]
[11.],[[18]]
[7.],[[24]]
[11.],[[5]]
[16.],[[16]]
[2.],[[19]]
[6.],[[25]]
[13.],[[22]]
[6.],[[19]]
[5.],[[26]]
[13.],[[13]]
[6.],[[19]]
[7.],[[3]]
[10.],[[10]]
[1.],[[26]]
[6.],[[20]]
[13.],[[23]]
[12.],[[12]]
[15.],[[15]]
[6.],[[19]]
[8.],[[8]]
[15.],[[4]]
[5.],[[5]]
[9.],[[9]]
[14.],[[15]]
[1.],[[1]]
[14.],[[14]]
[3.],[[3]]
[5.],[[26]]
[1.],[[1]]
[14.],[[8]]
[14.],[[23]]
[14.],[[14]]
[2.],[[6]]
[6.],[[16]]
[2.],[[2]]
[6.],[[20]]
[2.],[[2]]
[6.],[[22]]
[5.],[[26]]
[15.],[[15]]
[9.],[[19]]
[1.],[[1]]
[15.],[[15]]
[2.],[[2]]
[6.],[[22]]
[7.],[[18]]
[3.],[[3]]
[14.],[[14]]
[14.],[[1]]
[3.],[[5]]
[7.],[[7]]
[4.],[[4]]
[4.],[[4]]
[2.],[[18]]
[3.],[[5]]
[9.],[[25]]
[4.],[[4]]
[2.],[[26]]
[8.],[[15]]
[5.],[[26]]
[11.],[[3]]
[12.],[[12]]
[13.],[[23]]
[6.],[[19]]
[4.],[[4]]
[13.],[[13]]
[4.],[[18]]
[14.],[[8]]
[2.],[[26]]
[6.],[[6]]
[4.],[[14]]
[15.],[[26]]
[5.],[[11]]
[9.],[[19]]
[14.],[[14]]
[5.],[[5]]
[9.],[[9]]
[8.],[[14]]
[3.],[[21]]
[13.],[[13]]
[7.],[[5]]
[9.],[[9]]
[1.],[[1]]
[4.],[[4]]
[15.],[[15]]
[15.],[[18]]
[5.],[[24]]
[13.],[[13]]
[12.],[[12]]
[13.],[[13]]
[7.],[[7]]
[9.],[[9]]
[2.],[[13]]
[3.],[[3]]
[14.],[[23]]
[14.],[[8]]
[4.],[[14]]
[6.],[[26]]
[14.],[[14]]
[16.],[[8]]
[5.],[[11]]
[15.],[[15]]
[15.],[[21]]
[5.],[[5]]
[16.],[[16]]
[3.],[[11]]
[11.],[[5]]
[4.],[[8]]
[5.],[[26]]
[3.],[[11]]
[5.],[[5]]
[3.],[[5]]
[6.],[[22]]
[6.],[[20]]
[4.],[[19]]
[8.],[[18]]
[3.],[[3]]
[1.],[[1]]
[14.],[[8]]
[16.],[[16]]
[8.],[[8]]
[1.],[[1]]
[2.],[[2]]
[2.],[[26]]
[6.],[[20]]
[6.],[[19]]
[4.],[[24]]
[5.],[[5]]
[9.],[[9]]
[5.],[[11]]
[13.],[[25]]
[8.],[[8]]
[6.],[[6]]
[5.],[[19]]
[9.],[[9]]
[16.],[[6]]
[11.],[[11]]
[11.],[[24]]
[13.],[[13]]
[11.],[[18]]
[12.],[[12]]
[12.],[[12]]
[7.],[[18]]
[9.],[[25]]
[1.],[[1]]
[15.],[[2]]
[1.],[[1]]
[12.],[[12]]
[9.],[[20]]
[14.],[[23]]
[9.],[[20]]
[11.],[[22]]
[3.],[[21]]
[15.],[[7]]
[3.],[[3]]
[13.],[[14]]
[5.],[[24]]
[3.],[[3]]
[4.],[[19]]
[15.],[[21]]
[6.],[[20]]
[7.],[[5]]
[4.],[[4]]
[14.],[[8]]
[9.],[[20]]
[2.],[[6]]
[2.],[[7]]
[13.],[[13]]
[15.],[[7]]
[11.],[[14]]
[11.],[[14]]
[4.],[[4]]
[15.],[[15]]
[1.],[[1]]
[13.],[[13]]
[6.],[[25]]
[6.],[[22]]
[16.],[[16]]
[14.],[[23]]
[2.],[[18]]
[6.],[[26]]
[13.],[[23]]
[5.],[[26]]
[2.],[[19]]
[2.],[[10]]
[9.],[[9]]
[2.],[[19]]
[8.],[[8]]
[2.],[[18]]
[10.],[[19]]
[2.],[[2]]
[16.],[[16]]
[11.],[[18]]
[4.],[[19]]
[7.],[[24]]
[6.],[[6]]
[6.],[[6]]
[1.],[[1]]
[15.],[[15]]
[11.],[[24]]
[12.],[[12]]
[11.],[[23]]
[16.],[[16]]
[8.],[[21]]
[16.],[[16]]
[2.],[[2]]
[2.],[[2]]
[9.],[[9]]
[8.],[[8]]
[4.],[[4]]
[8.],[[8]]
[2.],[[19]]
[4.],[[4]]
[5.],[[5]]
[3.],[[21]]
[9.],[[25]]
[3.],[[6]]
[2.],[[2]]
[13.],[[13]]
[15.],[[8]]
[3.],[[21]]
[16.],[[22]]
[10.],[[10]]
[14.],[[8]]
[4.],[[18]]
[2.],[[19]]
[4.],[[19]]
[14.],[[23]]
[7.],[[17]]
[15.],[[15]]
[12.],[[12]]
[13.],[[13]]
[2.],[[18]]
[16.],[[16]]
[2.],[[9]]
[14.],[[23]]
[11.],[[11]]
[3.],[[21]]
[16.],[[16]]
[15.],[[21]]
[8.],[[2]]
[10.],[[10]]
[15.],[[25]]
[11.],[[3]]
[14.],[[14]]
[6.],[[22]]
[7.],[[18]]
[13.],[[13]]
[4.],[[4]]
[11.],[[7]]
[9.],[[20]]
[6.],[[22]]
[2.],[[7]]
[3.],[[21]]
[15.],[[21]]
[16.],[[16]]
[2.],[[19]]
[4.],[[8]]
[2.],[[13]]
[15.],[[15]]
[7.],[[21]]
[13.],[[21]]
[16.],[[26]]
[13.],[[13]]
[13.],[[23]]
[5.],[[18]]
[4.],[[6]]
[11.],[[23]]
[7.],[[17]]
[14.],[[8]]
[9.],[[25]]
[6.],[[6]]
[2.],[[24]]
[14.],[[23]]
[3.],[[3]]
[11.],[[11]]
[1.],[[1]]
[11.],[[7]]
[8.],[[15]]
[14.],[[23]]
[5.],[[22]]
[12.],[[12]]
[4.],[[26]]
[2.],[[7]]
[7.],[[7]]
[7.],[[21]]
[6.],[[6]]
[3.],[[21]]
[5.],[[24]]
[6.],[[25]]
[8.],[[8]]
[15.],[[15]]
[4.],[[14]]
[7.],[[17]]
[14.],[[23]]
[14.],[[22]]
[4.],[[4]]
[2.],[[18]]
[6.],[[20]]
[7.],[[7]]
[7.],[[16]]
[6.],[[19]]
[2.],[[19]]
[5.],[[3]]
[3.],[[5]]
[4.],[[8]]
[5.],[[5]]
[16.],[[16]]
[8.],[[8]]
[13.],[[13]]
[4.],[[4]]
[3.],[[3]]
[3.],[[22]]
[6.],[[20]]
[15.],[[8]]
[6.],[[16]]
[11.],[[11]]
[1.],[[1]]
[2.],[[24]]
[15.],[[15]]
[4.],[[15]]
[4.],[[26]]
[3.],[[21]]
[15.],[[15]]
[13.],[[23]]
[12.],[[12]]
[10.],[[10]]
[5.],[[26]]
[6.],[[6]]
[1.],[[13]]
[9.],[[9]]
[1.],[[1]]
[9.],[[20]]
[3.],[[21]]
[13.],[[13]]
[15.],[[17]]
[7.],[[18]]
[15.],[[7]]
[7.],[[7]]
[14.],[[23]]
[5.],[[24]]
[12.],[[21]]
[16.],[[16]]
[3.],[[21]]
[4.],[[4]]
[14.],[[14]]
[10.],[[10]]
[3.],[[15]]
[14.],[[14]]
[3.],[[3]]
[2.],[[11]]
[1.],[[7]]
[16.],[[16]]
[5.],[[26]]
[7.],[[18]]
[16.],[[16]]
[4.],[[19]]
[2.],[[20]]
[6.],[[6]]
[14.],[[14]]
[13.],[[13]]
[2.],[[2]]
[1.],[[1]]
[2.],[[18]]
[9.],[[9]]
[11.],[[11]]
[3.],[[21]]
[4.],[[18]]
[7.],[[17]]
[5.],[[24]]
[14.],[[23]]
[12.],[[12]]
[6.],[[22]]
[9.],[[9]]
[2.],[[18]]
[9.],[[9]]
[5.],[[12]]
[7.],[[17]]
[7.],[[5]]
[9.],[[25]]
[4.],[[10]]
[4.],[[4]]
[15.],[[21]]
[14.],[[23]]
[15.],[[15]]
[14.],[[23]]
[2.],[[2]]
[5.],[[25]]
[9.],[[20]]
[1.],[[1]]
[3.],[[5]]
[1.],[[1]]
[10.],[[10]]
[5.],[[5]]
[6.],[[6]]
[16.],[[16]]
[4.],[[4]]
[6.],[[6]]
[13.],[[13]]
[4.],[[8]]
[6.],[[6]]
[1.],[[1]]
[3.],[[3]]
[2.],[[2]]
[12.],[[12]]
[11.],[[11]]
[14.],[[23]]
[2.],[[19]]
[3.],[[7]]
[2.],[[18]]
[5.],[[19]]
[15.],[[15]]
[3.],[[3]]
[1.],[[17]]
[7.],[[12]]
[9.],[[9]]
[1.],[[1]]
[6.],[[6]]
[2.],[[2]]
[3.],[[3]]
[6.],[[16]]
[15.],[[21]]
[14.],[[23]]
[13.],[[13]]
[5.],[[26]]
[16.],[[16]]
[9.],[[9]]
[3.],[[21]]
[6.],[[6]]
[1.],[[1]]
[13.],[[11]]
[11.],[[8]]
[13.],[[13]]
[7.],[[12]]
[5.],[[26]]
[13.],[[13]]
[3.],[[7]]
[6.],[[20]]
[10.],[[10]]
[9.],[[20]]
[7.],[[15]]
[13.],[[18]]
[11.],[[14]]
[1.],[[1]]
[2.],[[24]]
[9.],[[24]]
[15.],[[15]]
[13.],[[13]]
[6.],[[6]]
[10.],[[10]]
[11.],[[23]]
[2.],[[18]]
[10.],[[10]]
[3.],[[3]]
[7.],[[7]]
[6.],[[25]]
[10.],[[10]]
[10.],[[10]]
[9.],[[9]]
[8.],[[1]]
[11.],[[8]]
[13.],[[13]]
[3.],[[7]]
[1.],[[1]]
[15.],[[8]]
[4.],[[4]]
[4.],[[14]]
[7.],[[17]]
[4.],[[16]]
[2.],[[2]]
[11.],[[11]]
[2.],[[19]]
[11.],[[3]]
[10.],[[3]]
[2.],[[18]]
[13.],[[13]]
[2.],[[19]]
[6.],[[20]]
[2.],[[2]]
[7.],[[17]]
[2.],[[18]]
[4.],[[17]]
[7.],[[19]]
[13.],[[21]]
[7.],[[20]]
[11.],[[18]]
[10.],[[10]]
[14.],[[23]]
[3.],[[21]]
[14.],[[14]]
[15.],[[18]]
[9.],[[22]]
[5.],[[24]]
[13.],[[13]]
[15.],[[21]]
[7.],[[7]]
[6.],[[23]]
[4.],[[16]]
[7.],[[15]]
[15.],[[15]]
[6.],[[22]]
[3.],[[3]]
[6.],[[8]]
[5.],[[5]]
[7.],[[7]]
[7.],[[11]]
[7.],[[5]]
[8.],[[15]]
[9.],[[9]]
[13.],[[13]]
[14.],[[8]]
[13.],[[13]]
[9.],[[9]]
[2.],[[19]]
[7.],[[5]]
[12.],[[7]]
[5.],[[19]]
[13.],[[14]]
[14.],[[8]]
[2.],[[24]]
[13.],[[12]]
[12.],[[14]]
[11.],[[23]]
[5.],[[4]]
[1.],[[1]]
[6.],[[6]]
[11.],[[16]]
[14.],[[25]]
[3.],[[3]]
[4.],[[4]]
[3.],[[3]]
[9.],[[25]]
[14.],[[14]]
[12.],[[11]]
[16.],[[16]]
[14.],[[23]]
[9.],[[9]]
[6.],[[24]]
[15.],[[17]]
[2.],[[5]]
[5.],[[20]]
[9.],[[20]]
[9.],[[9]]
[16.],[[25]]
[7.],[[11]]
[9.],[[25]]
[9.],[[20]]
[10.],[[10]]
[15.],[[15]]
[13.],[[13]]
[7.],[[7]]
[14.],[[8]]
[5.],[[5]]
[15.],[[4]]
[7.],[[7]]
[8.],[[8]]
[11.],[[8]]
[7.],[[3]]
[7.],[[16]]
[16.],[[16]]
[6.],[[25]]
[11.],[[11]]
[1.],[[17]]
[14.],[[14]]
[16.],[[6]]
[12.],[[19]]
[11.],[[18]]
[9.],[[9]]
[6.],[[6]]
[15.],[[1]]
[15.],[[17]]
[4.],[[15]]
[2.],[[19]]
[3.],[[3]]
[5.],[[26]]
[7.],[[7]]
[4.],[[8]]
[13.],[[13]]
[14.],[[14]]
[1.],[[1]]
[2.],[[19]]
[14.],[[23]]
[5.],[[24]]
[11.],[[11]]
[12.],[[19]]
[5.],[[24]]
[4.],[[4]]
[8.],[[8]]
[7.],[[7]]
[6.],[[22]]
[11.],[[20]]
[14.],[[23]]
[11.],[[11]]
[10.],[[10]]
[3.],[[3]]
[16.],[[25]]
[5.],[[5]]
[3.],[[11]]
[9.],[[20]]
[5.],[[24]]
[13.],[[13]]
[8.],[[8]]
[5.],[[5]]
[11.],[[11]]
[6.],[[25]]
[14.],[[14]]
[13.],[[21]]
[13.],[[23]]
[4.],[[4]]
[16.],[[16]]
[2.],[[17]]
[11.],[[8]]
[14.],[[8]]
[1.],[[1]]
[5.],[[17]]
[10.],[[10]]
[14.],[[14]]
[9.],[[20]]
[5.],[[11]]
[13.],[[23]]
[6.],[[25]]
[9.],[[20]]
[7.],[[24]]
[3.],[[3]]
[16.],[[16]]
[9.],[[4]]
[6.],[[25]]
[1.],[[15]]
[3.],[[7]]
[7.],[[24]]
[12.],[[9]]
[6.],[[6]]
[1.],[[1]]
[9.],[[25]]
[5.],[[18]]
[2.],[[2]]
[15.],[[8]]
[5.],[[19]]
[2.],[[22]]
[11.],[[11]]
[6.],[[19]]
[12.],[[12]]
[15.],[[21]]
[4.],[[19]]
[2.],[[2]]
[15.],[[17]]
[6.],[[6]]
[14.],[[14]]
[5.],[[24]]
[12.],[[12]]
[13.],[[13]]
[5.],[[11]]
[3.],[[21]]
[3.],[[21]]
[3.],[[5]]
[9.],[[9]]
[3.],[[5]]
[13.],[[13]]
[3.],[[3]]
[9.],[[25]]
[13.],[[13]]
[10.],[[10]]
[4.],[[3]]
[6.],[[20]]
[7.],[[7]]
[11.],[[22]]
[2.],[[18]]
[5.],[[4]]
[16.],[[10]]
[14.],[[23]]
[7.],[[24]]
[11.],[[1]]
[15.],[[15]]
[2.],[[9]]
[11.],[[11]]
[2.],[[2]]
[11.],[[23]]
[12.],[[12]]
[15.],[[15]]
[9.],[[25]]
[11.],[[11]]
[2.],[[6]]
[1.],[[1]]
[4.],[[10]]
[13.],[[23]]
[7.],[[7]]
[16.],[[16]]
[15.],[[15]]
[6.],[[20]]
[10.],[[10]]
[10.],[[10]]
[1.],[[1]]
[5.],[[5]]
[11.],[[14]]
[1.],[[1]]
[2.],[[18]]
[6.],[[6]]
[5.],[[18]]
[2.],[[18]]
[7.],[[23]]
[9.],[[20]]
[2.],[[18]]
[16.],[[14]]
[9.],[[9]]
[5.],[[17]]
[4.],[[9]]
[6.],[[16]]
[3.],[[7]]
[9.],[[2]]
[9.],[[26]]
[6.],[[6]]
[12.],[[12]]
[1.],[[1]]
[6.],[[6]]
[1.],[[1]]
[6.],[[6]]
[12.],[[24]]
[4.],[[19]]
[4.],[[4]]
[4.],[[4]]
[3.],[[3]]
[11.],[[5]]
[6.],[[19]]
[11.],[[11]]
[3.],[[11]]
[6.],[[20]]
[2.],[[2]]
[8.],[[18]]
[7.],[[7]]
[14.],[[23]]
[15.],[[26]]
[9.],[[20]]
[9.],[[9]]
[7.],[[7]]
[14.],[[23]]
[8.],[[1]]
[5.],[[18]]
[11.],[[22]]
[1.],[[1]]
[7.],[[24]]
[15.],[[17]]
[9.],[[22]]
[11.],[[12]]
[12.],[[19]]
[7.],[[7]]
[3.],[[3]]
[5.],[[5]]
[13.],[[13]]
[9.],[[9]]
[2.],[[26]]
[2.],[[4]]
[12.],[[12]]
[13.],[[13]]
[5.],[[26]]
[3.],[[21]]
[12.],[[12]]
[9.],[[22]]
[15.],[[3]]
[7.],[[6]]
[3.],[[3]]
[8.],[[15]]
[4.],[[4]]
[11.],[[11]]
[1.],[[1]]
[12.],[[12]]
[14.],[[14]]
[15.],[[15]]
[11.],[[23]]
[4.],[[15]]
[9.],[[19]]
[11.],[[18]]
[13.],[[13]]
[8.],[[25]]
[5.],[[5]]
[10.],[[10]]
[10.],[[4]]
[14.],[[22]]
[11.],[[18]]
[6.],[[6]]
[6.],[[6]]
[4.],[[15]]
[2.],[[2]]
[14.],[[14]]
[11.],[[11]]
[7.],[[17]]
[6.],[[6]]
[14.],[[14]]
[3.],[[21]]
[2.],[[19]]
[16.],[[16]]
[7.],[[7]]
[2.],[[2]]
[7.],[[7]]
[9.],[[10]]
[4.],[[4]]
[13.],[[13]]
[10.],[[10]]
[7.],[[25]]
[5.],[[26]]
[2.],[[17]]
[15.],[[15]]
[4.],[[4]]
[3.],[[9]]
[15.],[[15]]
[8.],[[15]]
[2.],[[2]]
[3.],[[3]]
[14.],[[23]]
[9.],[[20]]
[12.],[[12]]
[8.],[[8]]
[3.],[[13]]
[16.],[[9]]
[15.],[[15]]
[2.],[[19]]
[7.],[[19]]
[2.],[[2]]
[9.],[[22]]
[5.],[[26]]
[9.],[[9]]
[14.],[[23]]
[11.],[[11]]
[4.],[[4]]
[14.],[[14]]
[5.],[[12]]
[2.],[[2]]
[16.],[[16]]
[7.],[[2]]
[7.],[[17]]
[11.],[[11]]
[13.],[[23]]
[7.],[[7]]
[7.],[[17]]
[16.],[[22]]
[3.],[[3]]
[7.],[[24]]
[6.],[[20]]
[15.],[[15]]
[9.],[[9]]
[5.],[[5]]
[13.],[[21]]
[16.],[[16]]
[13.],[[13]]
[14.],[[23]]
[4.],[[18]]
[6.],[[20]]
[9.],[[9]]
[7.],[[17]]
[12.],[[12]]
[3.],[[21]]
[6.],[[22]]
[8.],[[8]]
[2.],[[2]]
[6.],[[20]]
[2.],[[2]]
[12.],[[11]]
[1.],[[1]]
[7.],[[17]]
[11.],[[11]]
[11.],[[11]]
[8.],[[8]]
[12.],[[12]]
[4.],[[8]]
[12.],[[12]]
[7.],[[17]]
[2.],[[8]]
[2.],[[19]]
[11.],[[11]]
[9.],[[5]]
[10.],[[10]]
[14.],[[14]]
[2.],[[19]]
[1.],[[1]]
[2.],[[18]]
[15.],[[23]]
[16.],[[16]]
[3.],[[22]]
[4.],[[24]]
[16.],[[24]]
[7.],[[24]]
[15.],[[21]]
[6.],[[20]]
[12.],[[7]]
[10.],[[10]]
[11.],[[22]]
[10.],[[10]]
[15.],[[1]]
[14.],[[23]]
[9.],[[9]]
[9.],[[9]]
[3.],[[21]]
[6.],[[22]]
[15.],[[15]]
[4.],[[15]]
[16.],[[22]]
[6.],[[6]]
[14.],[[23]]
[12.],[[12]]
[6.],[[22]]
[2.],[[8]]
[10.],[[10]]
[15.],[[17]]
[2.],[[17]]
[8.],[[8]]
[15.],[[8]]
[3.],[[3]]
[11.],[[18]]
[2.],[[2]]
[11.],[[11]]
[13.],[[21]]
[11.],[[18]]
[15.],[[15]]
[9.],[[9]]
[9.],[[26]]
[4.],[[4]]
[3.],[[21]]
[4.],[[4]]
[3.],[[21]]
[16.],[[16]]
[2.],[[2]]
[4.],[[24]]
[2.],[[2]]
[14.],[[14]]
[3.],[[11]]
[2.],[[2]]
[2.],[[2]]
[2.],[[2]]
[6.],[[25]]
[2.],[[23]]
[9.],[[25]]
[4.],[[4]]
[2.],[[2]]
[11.],[[8]]
[5.],[[5]]
[6.],[[6]]
[9.],[[20]]
[14.],[[23]]
[11.],[[11]]
[16.],[[16]]
[6.],[[25]]
[2.],[[2]]
[14.],[[14]]
[5.],[[24]]
[16.],[[16]]
[16.],[[16]]
[3.],[[21]]
[12.],[[12]]
[2.],[[24]]
[12.],[[12]]
[5.],[[26]]
[5.],[[24]]
[5.],[[5]]
[14.],[[14]]
[13.],[[13]]
[4.],[[4]]
[4.],[[8]]
[3.],[[3]]
[14.],[[14]]
[9.],[[9]]
[10.],[[10]]
[2.],[[8]]
[7.],[[7]]
[13.],[[15]]
[2.],[[19]]
[6.],[[22]]
[4.],[[4]]
[16.],[[25]]
[4.],[[4]]
[8.],[[8]]
[13.],[[13]]
[3.],[[5]]
[5.],[[5]]
[1.],[[17]]
[11.],[[8]]
[5.],[[26]]
[3.],[[21]]
[2.],[[6]]
[9.],[[20]]
[3.],[[21]]
[13.],[[23]]
[2.],[[19]]
[12.],[[12]]
[12.],[[12]]
[2.],[[2]]
[3.],[[22]]
[5.],[[26]]
[6.],[[25]]
[14.],[[22]]
[10.],[[10]]
[3.],[[21]]
[4.],[[4]]
[9.],[[22]]
[7.],[[17]]
[15.],[[15]]
[4.],[[8]]
[15.],[[26]]
[1.],[[19]]
[7.],[[20]]
[14.],[[14]]
[14.],[[23]]
[7.],[[7]]
[6.],[[20]]
[6.],[[22]]
[6.],[[20]]
[9.],[[25]]
[10.],[[10]]
[12.],[[12]]
[15.],[[8]]
[2.],[[10]]
[15.],[[15]]
[16.],[[16]]
[5.],[[26]]
[10.],[[10]]
[16.],[[6]]
[4.],[[8]]
[5.],[[12]]
[10.],[[10]]
[11.],[[11]]
[4.],[[4]]
[2.],[[8]]
[11.],[[23]]
[12.],[[12]]
[5.],[[5]]
[11.],[[11]]
[7.],[[16]]
[11.],[[11]]
[11.],[[11]]
[15.],[[8]]
[15.],[[21]]
[2.],[[13]]
[8.],[[8]]
[14.],[[14]]
[16.],[[16]]
[7.],[[17]]
[7.],[[7]]
[7.],[[17]]
[14.],[[23]]
[1.],[[1]]
[1.],[[1]]
[4.],[[4]]
[13.],[[13]]
[6.],[[6]]
[9.],[[24]]
[7.],[[17]]
[4.],[[4]]
[7.],[[17]]
[11.],[[11]]
[16.],[[16]]
[12.],[[24]]
[2.],[[2]]
[6.],[[20]]
[2.],[[2]]
[6.],[[20]]
[16.],[[6]]
[6.],[[6]]
[7.],[[17]]
[14.],[[23]]
[4.],[[4]]
[4.],[[24]]
[7.],[[8]]
[11.],[[11]]
[7.],[[18]]
[7.],[[6]]
[12.],[[12]]
[15.],[[21]]
[8.],[[8]]
[7.],[[26]]
[14.],[[23]]
[3.],[[3]]
[6.],[[22]]
[5.],[[26]]
[2.],[[19]]
[10.],[[20]]
[11.],[[11]]
[5.],[[10]]
[14.],[[14]]
[5.],[[19]]
[6.],[[6]]
[14.],[[14]]
[4.],[[14]]
[16.],[[22]]
[12.],[[12]]
[7.],[[12]]
[6.],[[16]]
[9.],[[10]]
[10.],[[19]]
[13.],[[22]]
[6.],[[22]]
[7.],[[17]]
[2.],[[18]]
[7.],[[7]]
[1.],[[1]]
[4.],[[4]]
[2.],[[2]]
[14.],[[14]]
[5.],[[5]]
[7.],[[7]]
[12.],[[12]]
[13.],[[23]]
[14.],[[20]]
[10.],[[19]]
[4.],[[18]]
[16.],[[16]]
[13.],[[23]]
[4.],[[4]]
[9.],[[22]]
[4.],[[4]]
[7.],[[22]]
[10.],[[10]]
[11.],[[11]]
[10.],[[10]]
[16.],[[6]]
[1.],[[1]]
[13.],[[13]]
[11.],[[11]]
[5.],[[5]]
[2.],[[22]]
[2.],[[2]]
[13.],[[1]]
[14.],[[14]]
[1.],[[1]]
[5.],[[18]]
[16.],[[16]]
[3.],[[5]]
[13.],[[21]]
[15.],[[21]]
[5.],[[26]]
[4.],[[8]]
[15.],[[21]]
[9.],[[9]]
[3.],[[24]]
[4.],[[24]]
[3.],[[7]]
[2.],[[19]]
[11.],[[8]]
[4.],[[18]]
[7.],[[7]]
[11.],[[3]]
[3.],[[11]]
[1.],[[1]]
[10.],[[10]]
[15.],[[21]]
[1.],[[1]]
[14.],[[10]]
[6.],[[6]]
[8.],[[23]]
[16.],[[6]]
[15.],[[21]]
[2.],[[2]]
[7.],[[5]]
[2.],[[18]]
[8.],[[8]]
[6.],[[6]]
[2.],[[2]]
[14.],[[14]]
[7.],[[7]]
[6.],[[6]]
[11.],[[11]]
[5.],[[26]]
[4.],[[14]]
[12.],[[12]]
[7.],[[24]]
[9.],[[9]]
[3.],[[3]]
[2.],[[18]]
[13.],[[7]]
[12.],[[19]]
[11.],[[14]]
[3.],[[24]]
[13.],[[23]]
[7.],[[17]]
[16.],[[16]]
[11.],[[11]]
[12.],[[7]]
[14.],[[14]]
[2.],[[18]]
[6.],[[22]]
[15.],[[17]]
[3.],[[3]]
[7.],[[7]]
[4.],[[10]]
[1.],[[1]]
[6.],[[6]]
[3.],[[3]]
[14.],[[8]]
[2.],[[20]]
[2.],[[2]]
[16.],[[17]]
[14.],[[14]]
[2.],[[9]]
[5.],[[5]]
[10.],[[10]]
[2.],[[19]]
[2.],[[2]]
[11.],[[8]]
[1.],[[1]]
[4.],[[4]]
[14.],[[14]]
[2.],[[22]]
[4.],[[4]]
[4.],[[4]]
[3.],[[7]]
[12.],[[12]]
[16.],[[16]]
[4.],[[8]]
[2.],[[2]]
[11.],[[11]]
[9.],[[9]]
[6.],[[25]]
[2.],[[7]]
[11.],[[21]]
[6.],[[22]]
[1.],[[1]]
[5.],[[5]]
[12.],[[24]]
[10.],[[10]]
[14.],[[14]]
[9.],[[20]]
[13.],[[13]]
[11.],[[11]]
[13.],[[13]]
[13.],[[13]]
[13.],[[13]]
[11.],[[18]]
[3.],[[6]]
[6.],[[6]]
[2.],[[26]]
[3.],[[21]]
[6.],[[25]]
[7.],[[7]]
[1.],[[1]]
[6.],[[16]]
[15.],[[21]]
[4.],[[7]]
[11.],[[11]]
[3.],[[21]]
[2.],[[2]]
[2.],[[2]]
[1.],[[1]]
[12.],[[12]]
[14.],[[14]]
[4.],[[10]]
[13.],[[13]]
[6.],[[6]]
[7.],[[24]]
[1.],[[1]]
[6.],[[6]]
[11.],[[22]]
[12.],[[12]]
[10.],[[19]]
[7.],[[16]]
[6.],[[6]]
[1.],[[19]]
[11.],[[14]]
[4.],[[8]]
[11.],[[24]]
[7.],[[3]]
[2.],[[2]]
[14.],[[14]]
[8.],[[15]]
[7.],[[18]]
[11.],[[11]]
[3.],[[7]]
[9.],[[9]]
[2.],[[8]]
[7.],[[11]]
[3.],[[21]]
[2.],[[19]]
[4.],[[1]]
[6.],[[6]]
[3.],[[3]]
[2.],[[18]]
[16.],[[16]]
[6.],[[6]]
[3.],[[3]]
[16.],[[25]]
[5.],[[20]]
[16.],[[16]]
[2.],[[12]]
[3.],[[22]]
[5.],[[24]]
[5.],[[5]]
[5.],[[24]]
[10.],[[10]]
[7.],[[17]]
[4.],[[4]]
[9.],[[25]]
[9.],[[20]]
[8.],[[15]]
[6.],[[6]]
[9.],[[25]]
[14.],[[14]]
[15.],[[8]]
[11.],[[11]]
[14.],[[14]]
[3.],[[3]]
[9.],[[20]]
[16.],[[16]]
[11.],[[11]]
[5.],[[26]]
[3.],[[3]]
[4.],[[8]]
[11.],[[11]]
[13.],[[8]]
[16.],[[25]]
[3.],[[3]]
[12.],[[12]]
[14.],[[23]]
[4.],[[8]]
[13.],[[13]]
[12.],[[12]]
[16.],[[16]]
[13.],[[21]]
[6.],[[22]]
[2.],[[4]]
[11.],[[14]]
[2.],[[6]]
[3.],[[7]]
[10.],[[10]]
[6.],[[20]]
[1.],[[1]]
[9.],[[24]]
[10.],[[10]]
[6.],[[6]]
[14.],[[20]]
[16.],[[16]]
[6.],[[20]]
[4.],[[4]]
[2.],[[19]]
[13.],[[15]]
[2.],[[2]]
[4.],[[4]]
[9.],[[9]]
[9.],[[9]]
[16.],[[16]]
[3.],[[15]]
[14.],[[14]]
[14.],[[14]]
[6.],[[25]]
[13.],[[23]]
[7.],[[7]]
[4.],[[15]]
[13.],[[13]]
[5.],[[19]]
[9.],[[9]]
[2.],[[11]]
[5.],[[24]]
[12.],[[26]]
[9.],[[9]]
[2.],[[18]]
[9.],[[20]]
[15.],[[18]]
[8.],[[1]]
[1.],[[1]]
[12.],[[12]]
[16.],[[16]]
[2.],[[2]]
[6.],[[6]]
[4.],[[4]]
[12.],[[12]]
[7.],[[7]]
[11.],[[17]]
[14.],[[14]]
[6.],[[22]]
[6.],[[20]]
[1.],[[19]]
[3.],[[25]]
[7.],[[17]]
[14.],[[14]]
[7.],[[7]]
[2.],[[4]]
[2.],[[18]]
[11.],[[3]]
[16.],[[20]]
[5.],[[26]]
[15.],[[15]]
[3.],[[22]]
[3.],[[3]]
[2.],[[18]]
[13.],[[13]]
[1.],[[1]]
[9.],[[9]]
[6.],[[20]]
[11.],[[14]]
[5.],[[24]]
[4.],[[4]]
[9.],[[22]]
[15.],[[15]]
[6.],[[8]]
[1.],[[1]]
[4.],[[4]]
[4.],[[4]]
[3.],[[3]]
[5.],[[11]]
[5.],[[5]]
[12.],[[12]]
[6.],[[19]]
[8.],[[22]]
[11.],[[18]]
[11.],[[22]]
[1.],[[1]]
[9.],[[9]]
[6.],[[6]]
[9.],[[9]]
[3.],[[5]]
[2.],[[2]]
[2.],[[7]]
[3.],[[11]]
[16.],[[16]]
[5.],[[26]]
[6.],[[25]]
[6.],[[6]]
[4.],[[4]]
[1.],[[8]]
[4.],[[8]]
[8.],[[15]]
[2.],[[8]]
[11.],[[5]]
[14.],[[14]]
[9.],[[9]]
[16.],[[16]]
[11.],[[18]]
[13.],[[21]]
[9.],[[9]]
[9.],[[20]]
[12.],[[12]]
[5.],[[19]]
[2.],[[2]]
[5.],[[12]]
[8.],[[18]]
[14.],[[21]]
[9.],[[9]]
[13.],[[13]]
[16.],[[16]]
[9.],[[22]]
[6.],[[25]]
[11.],[[11]]
[5.],[[5]]
[9.],[[9]]
[16.],[[25]]
[3.],[[3]]
[9.],[[20]]
[11.],[[11]]
[5.],[[24]]
[7.],[[17]]
[4.],[[17]]
[1.],[[1]]
[1.],[[1]]
[4.],[[10]]
[6.],[[20]]
[16.],[[16]]
[2.],[[26]]
[4.],[[8]]
[7.],[[18]]
[6.],[[20]]
[1.],[[1]]
[3.],[[7]]
[6.],[[5]]
[9.],[[25]]
[6.],[[5]]
[12.],[[12]]
[1.],[[1]]
[5.],[[26]]
[12.],[[12]]
[15.],[[21]]
[16.],[[8]]
[16.],[[16]]
[16.],[[16]]
[2.],[[2]]
[1.],[[1]]
[9.],[[20]]
[1.],[[1]]
[5.],[[26]]
[3.],[[7]]
[13.],[[13]]
[11.],[[11]]
[10.],[[10]]
[7.],[[7]]
[2.],[[26]]
[7.],[[7]]
[5.],[[5]]
[2.],[[18]]
[11.],[[18]]
[2.],[[19]]
[12.],[[12]]
[4.],[[4]]
[9.],[[10]]
[6.],[[6]]
[13.],[[13]]
[9.],[[20]]
[7.],[[8]]
[2.],[[2]]
[6.],[[22]]
[3.],[[3]]
[2.],[[6]]
[6.],[[6]]
[5.],[[5]]
[4.],[[4]]
[14.],[[14]]
[3.],[[7]]
[7.],[[17]]
[16.],[[16]]
[15.],[[21]]
[2.],[[19]]
[3.],[[3]]
[6.],[[6]]
[16.],[[16]]
[14.],[[23]]
[11.],[[11]]
[12.],[[12]]
[5.],[[5]]
[14.],[[14]]
[4.],[[4]]
[7.],[[17]]
[11.],[[23]]
[4.],[[19]]
[15.],[[2]]
[7.],[[8]]
[11.],[[14]]
[9.],[[25]]
[2.],[[26]]
[5.],[[5]]
[15.],[[15]]
[13.],[[13]]
[12.],[[12]]
[2.],[[26]]
[3.],[[21]]
[5.],[[24]]
[1.],[[1]]
[9.],[[22]]
[7.],[[7]]
[10.],[[10]]
[7.],[[5]]
[1.],[[1]]
[4.],[[4]]
[8.],[[17]]
[15.],[[26]]
[13.],[[13]]
[15.],[[21]]
[8.],[[8]]
[7.],[[24]]
[7.],[[5]]
[2.],[[18]]
[13.],[[8]]
[3.],[[3]]
[6.],[[6]]
[5.],[[5]]
[11.],[[1]]
[3.],[[3]]
[6.],[[25]]
[6.],[[16]]
[4.],[[4]]
[15.],[[15]]
[9.],[[10]]
[9.],[[25]]
[5.],[[26]]
[9.],[[9]]
[9.],[[9]]
[15.],[[17]]
[6.],[[20]]
[5.],[[24]]
[3.],[[11]]
[14.],[[20]]
[10.],[[10]]
[7.],[[17]]
[1.],[[1]]
[11.],[[18]]
[9.],[[24]]
[3.],[[21]]
[10.],[[10]]
[6.],[[22]]
[13.],[[23]]
[12.],[[12]]
[1.],[[1]]
[9.],[[9]]
[14.],[[23]]
[7.],[[11]]
[14.],[[14]]
[14.],[[23]]
[11.],[[11]]
[13.],[[13]]
[8.],[[8]]
[13.],[[13]]
[7.],[[17]]
[13.],[[13]]
[9.],[[9]]
[3.],[[3]]
[7.],[[17]]
[14.],[[14]]
[7.],[[7]]
[9.],[[9]]
[7.],[[7]]
[15.],[[10]]
[7.],[[23]]
[14.],[[14]]
[2.],[[8]]
[14.],[[14]]
[3.],[[21]]
[7.],[[21]]
[3.],[[3]]
[10.],[[10]]
[4.],[[4]]
[4.],[[8]]
[9.],[[9]]
[2.],[[24]]
[14.],[[23]]
[3.],[[11]]
[2.],[[26]]
[9.],[[25]]
[2.],[[2]]
[2.],[[2]]
[1.],[[1]]
[13.],[[23]]
[11.],[[11]]
[11.],[[24]]
[6.],[[25]]
[13.],[[13]]
[4.],[[19]]
[6.],[[25]]
[2.],[[26]]
[13.],[[15]]
[13.],[[23]]
[14.],[[14]]
[6.],[[6]]
[14.],[[23]]
[9.],[[9]]
[6.],[[20]]
[3.],[[21]]
[3.],[[3]]
[7.],[[19]]
[10.],[[19]]
[9.],[[9]]
[5.],[[5]]
[4.],[[4]]
[11.],[[1]]
[7.],[[17]]
[15.],[[15]]
[16.],[[16]]
[13.],[[13]]
[5.],[[20]]
[1.],[[1]]
[12.],[[12]]
[2.],[[19]]
[16.],[[16]]
[5.],[[19]]
[6.],[[6]]
[3.],[[11]]
[5.],[[26]]
[14.],[[7]]
[2.],[[2]]
[16.],[[16]]
[14.],[[23]]
[10.],[[10]]
[9.],[[9]]
[5.],[[26]]
[12.],[[26]]
[3.],[[5]]
[15.],[[8]]
[15.],[[15]]
[2.],[[2]]
[5.],[[26]]
[3.],[[11]]
[5.],[[5]]
[12.],[[12]]
[2.],[[2]]
[8.],[[8]]
[9.],[[9]]
[5.],[[12]]
[16.],[[6]]
[4.],[[4]]
[2.],[[6]]
[2.],[[17]]
[15.],[[8]]
[16.],[[22]]
[6.],[[6]]
[12.],[[12]]
[13.],[[22]]
[11.],[[19]]
[11.],[[12]]
[3.],[[8]]
[7.],[[18]]
[4.],[[14]]
[11.],[[8]]
[1.],[[7]]
[2.],[[2]]
[2.],[[2]]
[7.],[[17]]
[3.],[[3]]
[14.],[[23]]
[7.],[[24]]
[2.],[[5]]
[14.],[[14]]
[5.],[[24]]
[2.],[[26]]
[16.],[[16]]
[5.],[[24]]
[2.],[[2]]
[7.],[[7]]
[11.],[[23]]
[16.],[[6]]
[3.],[[5]]
[7.],[[17]]
[4.],[[18]]
[16.],[[16]]
[3.],[[5]]
[6.],[[20]]
[5.],[[24]]
[2.],[[10]]
[3.],[[3]]
[7.],[[18]]
[6.],[[25]]
[12.],[[12]]
[10.],[[19]]
[16.],[[16]]
[14.],[[14]]
[10.],[[10]]
[4.],[[4]]
[9.],[[25]]
[6.],[[6]]
[9.],[[9]]
[11.],[[11]]
[14.],[[14]]
[5.],[[18]]
[5.],[[26]]
[2.],[[18]]
[2.],[[18]]
[1.],[[17]]
[7.],[[7]]
[15.],[[25]]
[3.],[[7]]
[4.],[[15]]
[14.],[[23]]
[15.],[[21]]
[2.],[[7]]
[4.],[[4]]
[9.],[[9]]
[6.],[[6]]
[11.],[[11]]
[11.],[[18]]
[9.],[[25]]
[4.],[[11]]
[5.],[[26]]
[5.],[[26]]
[16.],[[16]]
[12.],[[12]]
[5.],[[20]]
[2.],[[5]]
[4.],[[4]]
[6.],[[22]]
[14.],[[22]]
[13.],[[23]]
[3.],[[21]]
[3.],[[8]]
[7.],[[19]]
[5.],[[5]]
[4.],[[8]]
[11.],[[11]]
[11.],[[11]]
[7.],[[18]]
[2.],[[17]]
[7.],[[21]]
[9.],[[20]]
[4.],[[19]]
[15.],[[17]]
[14.],[[14]]
[14.],[[23]]
[10.],[[10]]
[5.],[[26]]
[16.],[[6]]
[7.],[[17]]
[16.],[[16]]
[6.],[[22]]
[7.],[[16]]
[8.],[[18]]
[15.],[[15]]
[7.],[[18]]
[6.],[[20]]
[4.],[[4]]
[6.],[[6]]
[10.],[[19]]
[14.],[[8]]
[14.],[[14]]
[4.],[[4]]
[3.],[[11]]
[2.],[[2]]
[6.],[[6]]
[1.],[[1]]
[2.],[[2]]
[3.],[[21]]
[6.],[[20]]
[5.],[[5]]
[2.],[[4]]
[9.],[[25]]
[16.],[[9]]
[4.],[[4]]
[2.],[[2]]
[9.],[[20]]
[13.],[[13]]
[14.],[[22]]
[12.],[[12]]
[7.],[[17]]
[15.],[[15]]
[10.],[[9]]
[11.],[[5]]
[7.],[[7]]
[9.],[[10]]
[14.],[[23]]
[7.],[[17]]
[5.],[[26]]
[7.],[[17]]
[1.],[[1]]
[2.],[[2]]
[4.],[[14]]
[2.],[[2]]
[2.],[[5]]
[3.],[[21]]
[3.],[[7]]
[3.],[[3]]
[13.],[[13]]
[10.],[[10]]
[13.],[[13]]
[10.],[[10]]
[7.],[[19]]
[15.],[[8]]
[7.],[[19]]
[11.],[[11]]
[6.],[[19]]
[13.],[[13]]
[13.],[[13]]
[7.],[[7]]
[13.],[[13]]
[14.],[[14]]
[7.],[[7]]
[2.],[[17]]
[2.],[[17]]
[3.],[[7]]
[3.],[[5]]
[4.],[[15]]
[5.],[[5]]
[14.],[[8]]
[7.],[[12]]
[1.],[[12]]
[8.],[[18]]
[3.],[[3]]
[16.],[[16]]
[5.],[[5]]
[7.],[[18]]
[11.],[[24]]
[6.],[[20]]
[2.],[[11]]
[12.],[[24]]
[6.],[[6]]
[13.],[[23]]
[13.],[[23]]
[14.],[[14]]
[3.],[[21]]
[9.],[[20]]
[4.],[[4]]
[10.],[[10]]
[3.],[[5]]
[1.],[[1]]
[9.],[[9]]
[2.],[[9]]
[3.],[[21]]
[3.],[[21]]
[9.],[[9]]
[6.],[[20]]
[13.],[[4]]
[2.],[[22]]
[16.],[[16]]
[6.],[[16]]
[6.],[[6]]
[4.],[[18]]
[9.],[[25]]
[7.],[[18]]
[10.],[[10]]
[7.],[[17]]
[2.],[[18]]
[10.],[[10]]
[7.],[[17]]
[7.],[[16]]
[2.],[[2]]
[11.],[[11]]
[16.],[[16]]
[5.],[[17]]
[13.],[[13]]
[3.],[[5]]
[13.],[[13]]
[7.],[[16]]
[16.],[[8]]
[7.],[[17]]
[14.],[[23]]
[7.],[[7]]
[16.],[[4]]
[14.],[[14]]
[14.],[[23]]
[10.],[[1]]
[13.],[[23]]
[1.],[[11]]
[3.],[[3]]
[1.],[[1]]
[7.],[[24]]
[6.],[[25]]
[11.],[[8]]
[9.],[[20]]
[2.],[[13]]
[9.],[[10]]
[3.],[[7]]
[7.],[[17]]
[7.],[[24]]
[14.],[[23]]
[9.],[[25]]
[10.],[[10]]
[14.],[[23]]
[9.],[[9]]
[14.],[[22]]
[2.],[[2]]
[2.],[[7]]
[9.],[[22]]
[2.],[[2]]
[9.],[[20]]
[8.],[[8]]
[14.],[[23]]
[11.],[[16]]
[7.],[[17]]
[4.],[[14]]
[16.],[[16]]
[7.],[[5]]
[4.],[[19]]
[7.],[[7]]
[8.],[[15]]
[14.],[[14]]
[9.],[[9]]
[15.],[[8]]
[7.],[[17]]
[5.],[[26]]
[14.],[[23]]
[6.],[[6]]
[7.],[[24]]
[12.],[[17]]
[5.],[[3]]
[14.],[[8]]
[14.],[[22]]
[2.],[[2]]
[12.],[[24]]
[3.],[[21]]
[2.],[[24]]
[6.],[[26]]
[12.],[[12]]
[9.],[[25]]
[14.],[[14]]
[5.],[[26]]
[15.],[[21]]
[15.],[[21]]
[4.],[[8]]
[3.],[[11]]
[4.],[[19]]
[2.],[[19]]
[6.],[[22]]
[14.],[[23]]
[2.],[[9]]
[2.],[[26]]
[10.],[[10]]
[4.],[[19]]
[13.],[[13]]
[11.],[[8]]
[14.],[[21]]
[14.],[[23]]
[3.],[[15]]
[7.],[[17]]
[16.],[[16]]
[9.],[[9]]
[3.],[[3]]
[2.],[[2]]
[15.],[[15]]
[4.],[[8]]
[14.],[[14]]
[9.],[[25]]
[12.],[[12]]
[13.],[[13]]
[11.],[[24]]
[5.],[[26]]
[5.],[[5]]
[14.],[[14]]
[13.],[[13]]
[9.],[[25]]
[15.],[[15]]
[2.],[[2]]
[2.],[[19]]
[10.],[[10]]
[14.],[[14]]
[9.],[[19]]
[2.],[[24]]
[3.],[[3]]
[5.],[[24]]
[14.],[[22]]
[11.],[[23]]
[4.],[[11]]
[11.],[[14]]
[1.],[[17]]
[8.],[[8]]
[1.],[[1]]
[14.],[[14]]
[13.],[[13]]
[6.],[[6]]
[2.],[[2]]
[11.],[[11]]
[3.],[[3]]
[5.],[[5]]
[5.],[[26]]
[2.],[[7]]
[9.],[[9]]
[11.],[[23]]
[1.],[[1]]
[10.],[[10]]
[16.],[[10]]
[8.],[[21]]
[16.],[[20]]
[4.],[[4]]
[16.],[[16]]
[5.],[[24]]
[13.],[[13]]
[9.],[[25]]
[14.],[[14]]
[3.],[[25]]
[7.],[[7]]
[1.],[[1]]
[14.],[[1]]
[3.],[[5]]
[2.],[[2]]
[14.],[[23]]
[12.],[[12]]
[9.],[[9]]
[9.],[[20]]
[6.],[[22]]
[7.],[[24]]
[12.],[[5]]
[1.],[[1]]
[6.],[[19]]
[5.],[[24]]
[6.],[[22]]
[9.],[[9]]
[3.],[[3]]
[13.],[[23]]
[5.],[[24]]
[5.],[[26]]
[14.],[[23]]
[2.],[[6]]
[4.],[[4]]
[3.],[[7]]
[11.],[[11]]
[6.],[[6]]
[1.],[[8]]
[11.],[[13]]
[5.],[[18]]
[3.],[[3]]
[12.],[[12]]
[4.],[[15]]
[6.],[[6]]
[7.],[[5]]
[14.],[[23]]
[7.],[[7]]
[15.],[[21]]
[11.],[[8]]
[9.],[[9]]
[13.],[[13]]
[6.],[[6]]
[16.],[[16]]
[9.],[[9]]
[5.],[[20]]
[2.],[[2]]
[11.],[[18]]
[2.],[[2]]
[5.],[[12]]
[7.],[[7]]
[14.],[[14]]
[14.],[[23]]
[7.],[[7]]
[14.],[[22]]
[1.],[[1]]
[5.],[[5]]
[7.],[[20]]
[1.],[[12]]
[9.],[[9]]
[11.],[[13]]
[9.],[[9]]
[13.],[[13]]
[7.],[[12]]
[9.],[[4]]
[7.],[[18]]
[6.],[[20]]
[13.],[[21]]
[13.],[[23]]
[7.],[[7]]
[8.],[[8]]
[7.],[[7]]
[13.],[[13]]
[13.],[[13]]
[15.],[[17]]
[14.],[[21]]
[4.],[[14]]
[1.],[[1]]
[14.],[[14]]
[13.],[[13]]
[5.],[[5]]
[4.],[[4]]
[2.],[[19]]
[4.],[[14]]
[15.],[[3]]
[1.],[[1]]
[8.],[[8]]
[15.],[[18]]
[12.],[[5]]
[3.],[[21]]
[7.],[[17]]
[12.],[[26]]
[8.],[[2]]
[5.],[[26]]
[1.],[[1]]
[9.],[[19]]
[6.],[[25]]
[9.],[[9]]
[1.],[[7]]
[14.],[[23]]
[5.],[[5]]
[7.],[[17]]
[2.],[[2]]
[4.],[[17]]
[2.],[[24]]
[7.],[[17]]
[2.],[[2]]
[11.],[[23]]
[3.],[[7]]
[8.],[[15]]
[5.],[[26]]
[7.],[[17]]
[14.],[[14]]
[2.],[[18]]
[3.],[[3]]
[2.],[[2]]
[13.],[[23]]
[9.],[[9]]
[9.],[[22]]
[16.],[[16]]
[2.],[[18]]
[6.],[[25]]
[3.],[[21]]
[2.],[[12]]
[15.],[[26]]
[6.],[[20]]
[7.],[[5]]
[13.],[[23]]
[15.],[[15]]
[6.],[[6]]
[15.],[[18]]
[2.],[[7]]
[8.],[[8]]
[5.],[[26]]
[13.],[[13]]
[14.],[[14]]
[2.],[[18]]
[16.],[[20]]
[1.],[[1]]
[5.],[[5]]
[6.],[[20]]
[9.],[[9]]
[12.],[[7]]
[6.],[[6]]
[2.],[[17]]
[12.],[[12]]
[11.],[[23]]
[5.],[[24]]
[14.],[[23]]
[6.],[[22]]
[15.],[[15]]
[6.],[[20]]
[15.],[[19]]
[2.],[[2]]
[8.],[[18]]
[7.],[[7]]
[9.],[[22]]
[5.],[[5]]
[4.],[[15]]
[2.],[[8]]
[8.],[[8]]
[9.],[[9]]
[8.],[[8]]
[11.],[[11]]
[4.],[[4]]
[2.],[[18]]
[16.],[[26]]
[11.],[[13]]
[14.],[[22]]
[15.],[[17]]
[6.],[[6]]
[12.],[[12]]
[14.],[[23]]
[11.],[[23]]
[11.],[[14]]
[8.],[[15]]
[5.],[[5]]
[1.],[[17]]
[3.],[[3]]
[5.],[[26]]
[6.],[[20]]
[9.],[[20]]
[14.],[[23]]
[11.],[[14]]
[11.],[[24]]
[15.],[[15]]
[6.],[[22]]
[9.],[[25]]
[12.],[[5]]
[6.],[[6]]
[3.],[[11]]
[3.],[[3]]
[7.],[[7]]
[7.],[[24]]
[9.],[[20]]
[3.],[[24]]
[1.],[[1]]
[13.],[[11]]
[14.],[[14]]
[2.],[[2]]
[9.],[[19]]
[7.],[[19]]
[9.],[[20]]
[13.],[[13]]
[14.],[[21]]
[3.],[[7]]
[5.],[[26]]
[3.],[[7]]
[1.],[[1]]
[2.],[[2]]
[5.],[[5]]
[5.],[[26]]
[3.],[[7]]
[2.],[[6]]
[10.],[[10]]
[9.],[[25]]
[8.],[[8]]
[16.],[[16]]
[12.],[[12]]
[4.],[[4]]
[1.],[[1]]
[6.],[[22]]
[10.],[[10]]
[15.],[[15]]
[7.],[[7]]
[5.],[[26]]
[9.],[[25]]
[7.],[[12]]
[14.],[[23]]
[15.],[[15]]
[2.],[[8]]
[13.],[[23]]
[16.],[[16]]
[13.],[[13]]
[15.],[[17]]
[10.],[[10]]
[15.],[[15]]
[4.],[[8]]
[2.],[[2]]
[9.],[[25]]
[7.],[[17]]
[1.],[[1]]
[9.],[[20]]
[2.],[[22]]
[9.],[[19]]
[9.],[[24]]
[10.],[[10]]
[3.],[[11]]
[4.],[[4]]
[9.],[[25]]
[2.],[[17]]
[6.],[[16]]
[6.],[[6]]
[16.],[[6]]
[12.],[[12]]
[3.],[[7]]
[13.],[[21]]
[5.],[[10]]
[13.],[[13]]
[9.],[[19]]
[2.],[[2]]
[15.],[[15]]
[14.],[[23]]
[4.],[[4]]
[7.],[[18]]
[9.],[[22]]
[6.],[[6]]
[15.],[[15]]
[12.],[[12]]
[3.],[[21]]
[6.],[[22]]
[12.],[[12]]
[15.],[[15]]
[4.],[[15]]
[14.],[[14]]
[6.],[[6]]
[9.],[[9]]
[2.],[[18]]
[16.],[[6]]
[14.],[[20]]
[3.],[[3]]
[12.],[[12]]
[1.],[[1]]
[9.],[[9]]
[8.],[[15]]
[13.],[[13]]
[7.],[[17]]
[5.],[[5]]
[2.],[[19]]
[7.],[[24]]
[5.],[[26]]
[9.],[[5]]
[5.],[[26]]
[15.],[[15]]
[6.],[[20]]
[3.],[[11]]
[5.],[[26]]
[1.],[[1]]
[12.],[[12]]
[5.],[[24]]
[4.],[[4]]
[8.],[[22]]
[3.],[[3]]
[10.],[[10]]
[2.],[[26]]
[16.],[[16]]
[6.],[[25]]
[7.],[[8]]
[6.],[[6]]
[3.],[[22]]
[6.],[[6]]
[13.],[[16]]
[3.],[[3]]
[9.],[[20]]
[16.],[[16]]
[14.],[[14]]
[3.],[[21]]
[13.],[[13]]
[2.],[[18]]
[2.],[[2]]
[14.],[[14]]
[2.],[[2]]
[1.],[[1]]
[2.],[[18]]
[5.],[[11]]
[2.],[[4]]
[14.],[[23]]
[14.],[[4]]
[13.],[[13]]
[1.],[[1]]
[12.],[[12]]
[5.],[[19]]
[6.],[[6]]
[14.],[[14]]
[15.],[[15]]
[3.],[[3]]
[16.],[[16]]
[13.],[[23]]
[1.],[[1]]
[13.],[[13]]
[11.],[[11]]
[15.],[[21]]
[1.],[[1]]
[4.],[[18]]
[1.],[[1]]
[14.],[[14]]
[4.],[[8]]
[7.],[[18]]
[2.],[[8]]
[5.],[[5]]
[8.],[[8]]
[5.],[[5]]
[14.],[[23]]
[6.],[[19]]
[16.],[[6]]
[15.],[[1]]
[2.],[[23]]
[16.],[[16]]
[3.],[[3]]
[5.],[[5]]
[11.],[[3]]
[5.],[[18]]
[6.],[[23]]
[8.],[[8]]
[9.],[[9]]
[15.],[[8]]
[1.],[[1]]
[13.],[[1]]
[4.],[[4]]
[15.],[[21]]
[8.],[[18]]
[6.],[[26]]
[12.],[[12]]
[2.],[[6]]
[4.],[[4]]
[14.],[[23]]
[13.],[[13]]
[12.],[[12]]
[9.],[[9]]
[3.],[[3]]
[3.],[[6]]
[14.],[[22]]
[1.],[[19]]
[2.],[[2]]
[14.],[[23]]
[9.],[[9]]
[6.],[[22]]
[14.],[[23]]
[4.],[[4]]
[2.],[[26]]
[6.],[[20]]
[9.],[[19]]
[9.],[[20]]
[2.],[[2]]
[15.],[[15]]
[1.],[[1]]
[7.],[[7]]
[13.],[[13]]
[14.],[[14]]
[14.],[[23]]
[3.],[[3]]
[7.],[[7]]
[11.],[[7]]
[1.],[[1]]
[7.],[[2]]
[3.],[[3]]
[2.],[[2]]
[5.],[[5]]
[11.],[[23]]
[4.],[[15]]
[7.],[[18]]
[14.],[[14]]
[16.],[[6]]
[5.],[[26]]
[10.],[[19]]
[14.],[[14]]
[10.],[[10]]
[13.],[[13]]
[15.],[[18]]
[14.],[[23]]
[4.],[[4]]
[11.],[[3]]
[4.],[[4]]
[3.],[[21]]
[5.],[[12]]
[7.],[[17]]
[2.],[[18]]
[13.],[[13]]
[13.],[[23]]
[10.],[[10]]
[5.],[[26]]
[2.],[[2]]
[16.],[[16]]
[13.],[[21]]
[7.],[[18]]
[1.],[[15]]
[2.],[[2]]
[2.],[[2]]
[11.],[[17]]
[14.],[[14]]
[9.],[[20]]
[9.],[[10]]
[9.],[[20]]
[4.],[[4]]
[1.],[[25]]
[4.],[[10]]
[9.],[[22]]
[9.],[[9]]
[12.],[[7]]
[10.],[[10]]
[14.],[[23]]
[11.],[[8]]
[4.],[[4]]
[5.],[[11]]
[6.],[[20]]
[6.],[[6]]
[14.],[[8]]
[1.],[[1]]
[5.],[[9]]
[11.],[[14]]
[13.],[[17]]
[6.],[[26]]
[7.],[[17]]
[13.],[[13]]
[5.],[[11]]
[7.],[[7]]
[2.],[[12]]
[10.],[[10]]
[7.],[[7]]
[14.],[[11]]
[12.],[[17]]
[13.],[[13]]
[5.],[[26]]
[3.],[[3]]
[15.],[[15]]
[1.],[[1]]
[1.],[[13]]
[3.],[[3]]
[12.],[[9]]
[11.],[[14]]
[4.],[[4]]
[15.],[[15]]
[11.],[[3]]
[2.],[[1]]
[2.],[[2]]
[7.],[[24]]
[4.],[[1]]
[16.],[[16]]
[13.],[[21]]
[5.],[[26]]
[3.],[[11]]
[14.],[[22]]
[9.],[[25]]
[3.],[[3]]
[8.],[[15]]
[5.],[[24]]
[2.],[[19]]
[3.],[[3]]
[6.],[[6]]
[15.],[[8]]
[1.],[[1]]
[7.],[[24]]
[10.],[[10]]
[14.],[[14]]
[5.],[[26]]
[15.],[[21]]
[2.],[[19]]
[7.],[[5]]
[6.],[[20]]
[12.],[[12]]
[2.],[[19]]
[16.],[[16]]
[2.],[[6]]
[7.],[[8]]
[3.],[[8]]
[1.],[[19]]
[7.],[[7]]
[13.],[[13]]
[10.],[[19]]
[4.],[[19]]
[16.],[[16]]
[10.],[[10]]
[2.],[[4]]
[15.],[[8]]
[10.],[[10]]
[4.],[[25]]
[1.],[[1]]
[2.],[[2]]
[7.],[[7]]
[2.],[[23]]
[2.],[[19]]
[11.],[[11]]
[10.],[[10]]
[6.],[[22]]
[6.],[[20]]
[9.],[[9]]
[4.],[[18]]
[5.],[[26]]
[5.],[[5]]
[15.],[[17]]
[10.],[[10]]
[3.],[[3]]
[7.],[[7]]
[4.],[[18]]
[4.],[[8]]
[14.],[[14]]
[6.],[[6]]
[7.],[[24]]
[13.],[[13]]
[11.],[[22]]
[5.],[[26]]
[7.],[[17]]
[5.],[[26]]
[1.],[[1]]
[7.],[[19]]
[6.],[[20]]
[9.],[[9]]
[2.],[[2]]
[7.],[[18]]
[3.],[[11]]
[14.],[[14]]
[14.],[[14]]
[4.],[[4]]
[5.],[[5]]
[14.],[[21]]
[16.],[[25]]
[3.],[[21]]
[2.],[[19]]
[4.],[[4]]
[5.],[[26]]
[13.],[[13]]
[5.],[[26]]
[13.],[[13]]
[14.],[[21]]
[11.],[[11]]
[2.],[[2]]
[6.],[[22]]
[9.],[[25]]
[7.],[[7]]
[2.],[[2]]
[6.],[[26]]
[2.],[[2]]
[9.],[[20]]
[1.],[[12]]
[10.],[[10]]
[4.],[[4]]
[2.],[[2]]
[10.],[[10]]
[2.],[[26]]
[5.],[[5]]
[15.],[[15]]
[5.],[[26]]
[3.],[[3]]
[5.],[[24]]
[10.],[[10]]
[5.],[[26]]
[13.],[[13]]
[6.],[[6]]
[4.],[[4]]
[9.],[[25]]
[1.],[[1]]
[12.],[[12]]
[2.],[[12]]
[9.],[[22]]
[2.],[[26]]
[4.],[[14]]
[3.],[[7]]
[9.],[[20]]
[5.],[[5]]
[6.],[[25]]
[9.],[[20]]
[1.],[[1]]
[7.],[[17]]
[10.],[[10]]
[8.],[[15]]
[6.],[[20]]
[7.],[[23]]
[6.],[[16]]
[15.],[[3]]
[2.],[[2]]
[11.],[[11]]
[1.],[[1]]
[6.],[[22]]
[3.],[[7]]
[7.],[[6]]
[14.],[[14]]
[7.],[[24]]
[6.],[[20]]
[13.],[[13]]
[2.],[[18]]
[13.],[[13]]
[10.],[[10]]
[2.],[[18]]
[4.],[[4]]
[2.],[[18]]
[7.],[[17]]
[13.],[[15]]
[14.],[[23]]
[2.],[[2]]
[3.],[[21]]
[5.],[[26]]
[9.],[[9]]
[4.],[[4]]
[13.],[[4]]
[5.],[[18]]
[13.],[[13]]
[2.],[[16]]
[3.],[[3]]
[3.],[[7]]
[9.],[[25]]
[2.],[[2]]
[12.],[[12]]
[10.],[[10]]
[7.],[[11]]
[5.],[[26]]
[2.],[[19]]
[10.],[[10]]
[2.],[[26]]
[14.],[[14]]
[9.],[[9]]
[8.],[[22]]
[9.],[[9]]
[10.],[[10]]
[6.],[[6]]
[6.],[[20]]
[3.],[[19]]
[3.],[[24]]
[6.],[[22]]
[10.],[[10]]
[2.],[[18]]
[15.],[[21]]
[6.],[[6]]
[7.],[[17]]
[9.],[[9]]
[6.],[[25]]
[3.],[[11]]
[13.],[[13]]
[9.],[[9]]
[3.],[[21]]
[14.],[[14]]
[5.],[[26]]
[8.],[[15]]
[7.],[[7]]
[10.],[[10]]
[12.],[[12]]
[9.],[[9]]
[1.],[[17]]
[15.],[[17]]
[4.],[[4]]
[2.],[[7]]
[6.],[[20]]
[6.],[[22]]
[10.],[[10]]
[1.],[[1]]
[6.],[[20]]
[3.],[[24]]
[12.],[[12]]
[7.],[[15]]
[3.],[[5]]
[12.],[[12]]
[8.],[[15]]
[13.],[[13]]
[9.],[[10]]
[5.],[[26]]
[7.],[[7]]
[16.],[[25]]
[5.],[[5]]
[6.],[[20]]
[9.],[[25]]
[4.],[[15]]
[13.],[[14]]
[3.],[[21]]
[13.],[[15]]
[7.],[[17]]
[13.],[[13]]
[6.],[[25]]
[7.],[[24]]
[6.],[[20]]
[13.],[[13]]
[2.],[[2]]
[13.],[[13]]
[4.],[[18]]
[11.],[[2]]
[6.],[[25]]
[3.],[[5]]
[4.],[[15]]
[7.],[[24]]
[6.],[[22]]
[15.],[[1]]
[6.],[[8]]
[3.],[[11]]
[5.],[[5]]
[11.],[[8]]
[9.],[[20]]
[12.],[[12]]
[2.],[[19]]
[5.],[[26]]
[16.],[[16]]
[12.],[[12]]
[3.],[[7]]
[4.],[[9]]
[13.],[[13]]
[13.],[[13]]
[14.],[[14]]
[2.],[[20]]
[1.],[[17]]
[7.],[[2]]
[6.],[[22]]
[12.],[[24]]
[13.],[[13]]
[15.],[[15]]
[1.],[[1]]
[7.],[[20]]
[6.],[[6]]
[13.],[[13]]
[6.],[[6]]
[2.],[[18]]
[8.],[[8]]
[14.],[[21]]
[15.],[[15]]
[6.],[[22]]
[12.],[[12]]
[15.],[[21]]
[12.],[[12]]
[7.],[[24]]
[14.],[[14]]
[6.],[[20]]
[6.],[[20]]
[2.],[[13]]
[3.],[[3]]
[3.],[[24]]
[1.],[[1]]
[4.],[[4]]
[8.],[[8]]
[8.],[[15]]
[9.],[[20]]
[2.],[[10]]
[10.],[[10]]
[3.],[[21]]
[6.],[[6]]
[9.],[[9]]
[4.],[[4]]
[11.],[[1]]
[7.],[[11]]
[2.],[[2]]
[6.],[[22]]
[3.],[[3]]
[14.],[[14]]
[7.],[[17]]
[16.],[[16]]
[14.],[[21]]
[5.],[[9]]
[2.],[[18]]
[1.],[[1]]
[8.],[[8]]
[16.],[[16]]
[1.],[[1]]
[15.],[[2]]
[1.],[[1]]
[7.],[[15]]
[6.],[[25]]
[16.],[[25]]
[1.],[[3]]
[9.],[[20]]
[12.],[[19]]
[2.],[[18]]
[15.],[[15]]
[10.],[[10]]
[7.],[[24]]
[15.],[[15]]
[15.],[[18]]
[5.],[[5]]
[15.],[[17]]
[3.],[[3]]
[14.],[[14]]
[1.],[[18]]
[13.],[[13]]
[16.],[[16]]
[13.],[[13]]
[7.],[[18]]
[2.],[[4]]
[3.],[[21]]
[2.],[[18]]
[6.],[[19]]
[15.],[[14]]
[16.],[[6]]
[4.],[[15]]
[6.],[[26]]
[6.],[[22]]
[14.],[[8]]
[15.],[[21]]
[1.],[[1]]
[8.],[[8]]
[11.],[[11]]
[7.],[[7]]
[9.],[[10]]
[4.],[[4]]
[10.],[[10]]
[10.],[[10]]
[5.],[[26]]
[2.],[[2]]
[7.],[[24]]
[7.],[[17]]
[1.],[[1]]
[9.],[[22]]
[16.],[[16]]
[11.],[[14]]
[4.],[[4]]
[3.],[[3]]
[6.],[[5]]
[2.],[[2]]
[2.],[[19]]
[6.],[[22]]
[4.],[[8]]
[11.],[[6]]
[7.],[[5]]
[15.],[[15]]
[2.],[[24]]
[6.],[[20]]
[3.],[[3]]
[2.],[[2]]
[15.],[[15]]
[12.],[[24]]
[16.],[[16]]
[13.],[[23]]
[4.],[[4]]
[12.],[[12]]
[5.],[[24]]
[3.],[[3]]
[3.],[[11]]
[1.],[[1]]
[9.],[[9]]
[7.],[[24]]
[13.],[[23]]
[5.],[[5]]
[3.],[[3]]
[11.],[[5]]
[7.],[[18]]
[9.],[[9]]
[13.],[[13]]
[10.],[[10]]
[5.],[[24]]
[9.],[[9]]
[9.],[[20]]
[4.],[[4]]
[14.],[[14]]
[4.],[[4]]
[4.],[[4]]
[6.],[[24]]
[9.],[[20]]
[5.],[[5]]
[2.],[[18]]
[15.],[[21]]
[9.],[[25]]
[3.],[[3]]
[9.],[[10]]
[11.],[[14]]
[6.],[[20]]
[2.],[[2]]
[2.],[[2]]
[15.],[[15]]
[16.],[[16]]
[7.],[[7]]
[6.],[[8]]
[14.],[[23]]
[6.],[[25]]
[2.],[[2]]
[12.],[[12]]
[7.],[[17]]
[6.],[[3]]
[5.],[[5]]
[16.],[[16]]
[2.],[[18]]
[13.],[[23]]
[14.],[[20]]
[2.],[[7]]
[4.],[[4]]
[16.],[[16]]
[6.],[[6]]
[1.],[[26]]
[1.],[[1]]
[4.],[[4]]
[14.],[[23]]
[15.],[[26]]
[7.],[[18]]
[2.],[[19]]
[6.],[[25]]
[9.],[[9]]
[7.],[[7]]
[9.],[[25]]
[3.],[[21]]
[14.],[[23]]
[11.],[[18]]
[16.],[[16]]
[5.],[[24]]
[6.],[[19]]
[15.],[[21]]
[11.],[[11]]
[9.],[[9]]
[4.],[[4]]
[14.],[[14]]
[7.],[[17]]
[16.],[[16]]
[7.],[[19]]
[5.],[[19]]
[4.],[[4]]
[6.],[[8]]
[3.],[[3]]
[7.],[[17]]
[5.],[[26]]
[15.],[[25]]
[2.],[[2]]
[3.],[[7]]
[16.],[[16]]
[13.],[[13]]
[7.],[[7]]
[6.],[[6]]
[12.],[[12]]
[9.],[[9]]
[3.],[[3]]
[16.],[[16]]
[3.],[[3]]
[5.],[[24]]
[11.],[[11]]
[6.],[[20]]
[3.],[[5]]
[7.],[[24]]
[13.],[[13]]
[4.],[[4]]
[13.],[[13]]
[5.],[[10]]
[6.],[[25]]
[13.],[[23]]
[16.],[[16]]
[3.],[[7]]
[10.],[[10]]
[13.],[[13]]
[16.],[[16]]
[8.],[[15]]
[11.],[[11]]
[3.],[[3]]
[9.],[[9]]
[11.],[[23]]
[7.],[[7]]
[13.],[[13]]
[2.],[[24]]
[13.],[[13]]
[5.],[[24]]
[16.],[[25]]
[12.],[[12]]
[14.],[[22]]
[4.],[[4]]
[1.],[[26]]
[6.],[[20]]
[9.],[[25]]
[12.],[[12]]
